group,model,year,pred.fit,lower,upper
het_black_female,Poisson,2006,5149.689147450843,4787.586021580175,5511.792273321511
het_black_female,Poisson,2007,5024.627782871413,4707.534390477033,5341.721175265792
het_black_female,Poisson,2008,4902.603561789865,4628.380342988613,5176.826780591117
het_black_female,Poisson,2009,4783.542726490144,4550.059705350091,5017.025747630197
het_black_female,Poisson,2010,4667.373310478889,4472.467105579353,4862.279515378425
het_black_female,Poisson,2011,4554.02509498533,4395.41642835796,4712.633761612699
het_black_female,Poisson,2012,4443.42956651738,4318.54750571808,4568.311627316681
het_black_female,Poisson,2013,4335.519875448683,4241.081822569914,4429.957928327452
het_black_female,Poisson,2014,4230.230795611068,4161.137691405778,4299.323899816358
het_black_female,Poisson,2015,4127.498684868602,4074.1943639156257,4180.803005821578
het_black_female,Poisson,2016,4027.2614466490895,3974.061442481116,4080.461450817063
het_black_female,Poisson,2017,3929.4584924095357,3862.549776895502,3996.3672079235694
het_black_female,Poisson,2018,3834.0307050134315,3747.185348901392,3920.876061125471
het_black_female,Poisson,2019,3740.92040299726,3632.2449706441184,3849.595835350402
het_black_female,Poisson,2020,3650.0713057049597,3519.3553339466907,3780.7872774632287
het_black_female,Poisson,2021,3561.428499268838,3409.127330019333,3713.7296685183433
het_black_female,Poisson,2022,3474.9384034169157,3301.79195782611,3648.0848490077215
het_black_female,Poisson,2023,3390.5487390862,3197.4229954906523,3583.6744826817476
het_black_female,Poisson,2024,3308.208496822629,3096.0223155000986,3520.3946781451596
het_black_female,Poisson,2025,3227.8679059481874,2997.556285213831,3458.179526682544
het_black_female,Poisson,2026,3149.478404477045,2901.9728290368575,3396.9839799172323
het_black_female,Poisson,2027,3072.9926097621483,2809.2100703486576,3336.775149175639
het_black_female,Poisson,2028,2998.364289854801,2719.200992905787,3277.5275868038148
het_black_female,Poisson,2029,2925.5483355595616,2631.876086155591,3219.220584963532
het_black_female,Poisson,2030,2854.5007331680135,2547.1649084957708,3161.8365578402563
het_black_male,Poisson,2006,2843.735821187114,2554.9262900467033,3132.545352327525
het_black_male,Poisson,2007,2731.019763773646,2482.220644648869,2979.818882898423
het_black_male,Poisson,2008,2622.771389154158,2411.133177376584,2834.409600931732
het_black_male,Poisson,2009,2518.8136135127866,2341.5989937699774,2696.0282332555958
het_black_male,Poisson,2010,2418.976372036532,2273.523542646939,2564.4292014261255
het_black_male,Poisson,2011,2323.096340705641,2206.754686154831,2439.4379952564514
het_black_male,Poisson,2012,2231.0166691112927,2141.0165000304482,2321.016838192137
het_black_male,Poisson,2013,2142.586723863815,2075.7356376268426,2209.437810100788
het_black_male,Poisson,2014,2057.6618421708486,2009.5580176229928,2105.7656667187043
het_black_male,Poisson,2015,1976.1030951833268,1939.3241248994027,2012.8820654672509
het_black_male,Poisson,2016,1897.7770607211546,1861.1182748955196,1934.4358465467897
het_black_male,Poisson,2017,1822.5556050077198,1776.928843679155,1868.1823663362845
het_black_male,Poisson,2018,1750.3156730552746,1692.0752452497245,1808.5561008608247
het_black_male,Poisson,2019,1680.9390873591274,1609.336558995159,1752.5416157230957
het_black_male,Poisson,2020,1614.3123545706524,1529.677918336746,1698.9467908045588
het_black_male,Poisson,2021,1550.3264798331397,1453.388656187403,1647.2643034788764
het_black_male,Poisson,2022,1488.8767884769702,1380.5099559646662,1597.2436209892742
het_black_male,Poisson,2023,1429.8627547818523,1310.9836917777463,1548.7418177859583
het_black_male,Poisson,2024,1373.187837526692,1244.7093372732884,1501.6663377800955
het_black_male,Poisson,2025,1318.7593220573747,1181.5681363329306,1455.9505077818187
het_black_male,Poisson,2026,1266.488168614748,1121.4343128697428,1411.5420243597532
het_black_male,Poisson,2027,1216.2888666741703,1064.1806318560145,1368.397101492326
het_black_male,Poisson,2028,1168.0792950585562,1009.6812909133582,1326.4772992037542
het_black_male,Poisson,2029,1121.7805875962376,957.8134631470534,1285.7477120454218
het_black_male,Poisson,2030,1077.3170041034405,908.4581200758689,1246.175888131012
het_hisp_female,Poisson,2006,1043.6030020281369,895.8759341854743,1191.3300698707994
het_hisp_female,Poisson,2007,1041.0024110073298,908.6524888455256,1173.352333169134
het_hisp_female,Poisson,2008,1038.4083004907422,921.2905503991375,1155.526050582347
het_hisp_female,Poisson,2009,1035.8206543293775,933.7607126412383,1137.8805960175166
het_hisp_female,Poisson,2010,1033.23945641448,946.0138029486831,1120.465109880277
het_hisp_female,Poisson,2011,1030.664690677439,957.9618261508472,1103.3675552040309
het_hisp_female,Poisson,2012,1028.096341089685,969.4331696572299,1086.75951252214
het_hisp_female,Poisson,2013,1025.5343916625889,980.0555190224363,1071.0132643027414
het_hisp_female,Poisson,2014,1022.9788264473646,988.9246699681023,1057.0329829266268
het_hisp_female,Poisson,2015,1020.4296295349709,993.8099445522535,1047.0493145176883
het_hisp_female,Poisson,2016,1017.8867850560108,991.2723433490155,1044.5012267630061
het_hisp_female,Poisson,2017,1015.3502771806313,981.406944617781,1049.2936097434817
het_hisp_female,Poisson,2018,1012.8200901184262,967.7264123746814,1057.9137678621707
het_hisp_female,Poisson,2019,1010.2962081183396,952.4547648437873,1068.1376513928917
het_hisp_female,Poisson,2020,1007.7786154685664,936.4888695400865,1079.0683613970461
het_hisp_female,Poisson,2021,1005.2672964964527,920.1979698690164,1090.336623123889
het_hisp_female,Poisson,2022,1002.7622355683993,903.7523929102139,1101.7720782265847
het_hisp_female,Poisson,2023,1000.2634170897672,887.2395409860587,1113.2872931934758
het_hisp_female,Poisson,2024,997.7708255047781,870.7082842118883,1124.833366797668
het_hisp_female,Poisson,2025,995.2844452964159,854.1878598709887,1136.381030721843
het_hisp_female,Poisson,2026,992.8042609863317,837.6967212475963,1147.911800725067
het_hisp_female,Poisson,2027,990.3302571347496,821.2470237675259,1159.4134905019732
het_hisp_female,Poisson,2028,987.8624183403687,804.8470544132907,1170.8777822674465
het_hisp_female,Poisson,2029,985.4007292402652,788.5026217328846,1182.2988367476457
het_hisp_female,Poisson,2030,982.9451745097988,772.2178888605774,1193.6724601590201
het_hisp_male,Poisson,2006,848.1081020959685,690.8681775572497,1005.3480266346874
het_hisp_male,Poisson,2007,815.0508820506307,679.4982080086643,950.603556092597
het_hisp_male,Poisson,2008,783.2821531710124,667.8933548240559,898.6709515179689
het_hisp_male,Poisson,2009,752.7516931612821,656.0614470038071,849.4419393187571
het_hisp_male,Poisson,2010,723.4112372702979,643.9924362325793,802.8300383080165
het_hisp_male,Poisson,2011,695.2144019911457,631.6431739138993,758.785630068392
het_hisp_male,Poisson,2012,668.1166117347938,618.9012476931334,717.3319757764541
het_hisp_male,Poisson,2013,642.0750283617776,605.4900342328561,678.6600224906991
het_hisp_male,Poisson,2014,617.0484834605742,590.7042233942286,643.3927435269197
het_hisp_male,Poisson,2015,592.997413265645,572.8475690987301,613.14725743256
het_hisp_male,Poisson,2016,569.8837961121322,549.7986283163134,589.9689639079511
het_hisp_male,Poisson,2017,547.671092328506,522.6609649410739,572.6812197159381
het_hisp_male,Poisson,2018,526.3241864720102,494.3768272505637,558.2715456934567
het_hisp_male,Poisson,2019,505.8093318156401,466.5022745758574,545.1163890554228
het_hisp_male,Poisson,2020,486.09409699887766,439.5979811031358,532.5902128946195
het_hisp_male,Poisson,2021,467.1473147578876,413.85263454459704,520.4419949711781
het_hisp_male,Poisson,2022,448.9390326540188,389.31753933124446,508.5605259767931
het_hisp_male,Poisson,2023,431.4404657228592,365.9883181207239,496.8926133249945
het_hisp_male,Poisson,2024,414.623950968883,343.8361795980284,485.41172233973754
het_hisp_male,Poisson,2025,398.462903633788,322.8212249344342,474.1045823331418
het_hisp_male,Poisson,2026,382.931775169417,302.8986427974031,462.9649075414309
het_hisp_male,Poisson,2027,368.00601284873716,284.021804159559,451.9902215379153
het_hisp_male,Poisson,2028,353.6620209511435,266.143891193421,441.18015070886605
het_hisp_male,Poisson,2029,339.8771234606371,249.2187846813157,430.5354622399585
het_hisp_male,Poisson,2030,326.6295282179409,233.20155489493612,420.0575015409457
het_white_female,Poisson,2006,886.0556050899817,757.1145200061593,1014.996690173804
het_white_female,Poisson,2007,894.6709760187197,777.6909761479401,1011.6509758894993
het_white_female,Poisson,2008,903.3701166519924,798.5350349120388,1008.2051983919459
het_white_female,Poisson,2009,912.1538415064881,819.6225941176901,1004.6850888952861
het_white_female,Poisson,2010,921.0229730186763,840.9106212915829,1001.1353247457698
het_white_female,Poisson,2011,929.9783416218004,862.3189190616151,997.6377641819856
het_white_female,Poisson,2012,939.0207858236524,883.6873398668146,994.3542317804903
het_white_female,Poisson,2013,948.1511522850712,904.664051329252,991.6382532408905
het_white_female,Poisson,2014,957.3702958992202,924.388077950285,990.3525138481554
het_white_female,Poisson,2015,966.6790798716321,940.70242994369,992.6557297995741
het_white_female,Poisson,2016,976.0783758010366,950.0818450391212,1002.074906562952
het_white_female,Poisson,2017,985.5690637609553,952.1672349131809,1018.9708926087296
het_white_female,Poisson,2018,995.1520323821259,950.2064708039006,1040.097593960351
het_white_female,Poisson,2019,1004.8281789356921,946.3831727009169,1063.2731851704673
het_white_female,Poisson,2020,1014.5984094172205,941.5874413767013,1087.6093774577398
het_white_female,Poisson,2021,1024.4636386315306,936.1839848991797,1112.7432923638814
het_white_female,Poisson,2022,1034.4247902783532,930.3389667752242,1138.510613781482
het_white_female,Poisson,2023,1044.4827970388035,924.1358791997186,1164.8297148778884
het_white_female,Poisson,2024,1054.638600662732,917.6198519737062,1191.6573493517576
het_white_female,Poisson,2025,1064.8931520568872,910.8164807723794,1218.969823341395
het_white_female,Poisson,2026,1075.247411373955,903.7406258071861,1246.7541969407237
het_white_female,Poisson,2027,1085.7023481024587,896.4008647544704,1275.003831450447
het_white_female,Poisson,2028,1096.258941157539,888.8019004060899,1303.7159819089884
het_white_female,Poisson,2029,1106.9181789725953,880.9459362392649,1332.8904217059257
het_white_female,Poisson,2030,1117.681059591858,872.833499641418,1362.528619542298
het_white_male,Poisson,2006,450.44425605262785,353.0542107218574,547.8343013833983
het_white_male,Poisson,2007,448.9730089438804,361.7903760475939,536.1556418401669
het_white_male,Poisson,2008,447.5065672422969,370.4200762061903,524.5930582784035
het_white_male,Poisson,2009,446.044915252392,378.9241799887071,513.1656505160769
het_white_male,Poisson,2010,444.58803732994403,387.27060352675164,501.9054711331364
het_white_male,Poisson,2011,443.13591788182976,395.40182075107475,490.87001501258476
het_white_male,Poisson,2012,441.6885413658565,403.2055009730634,480.1715817586496
het_white_male,Poisson,2013,440.2458922905945,410.4377574464072,470.0540271347818
het_white_male,Poisson,2014,438.8079552152135,416.5061104594325,461.1097999709945
het_white_male,Poisson,2015,437.3747147493163,419.94990864785916,454.79952085077343
het_white_male,Poisson,2016,435.9461555527728,418.52584947049104,453.3664616350545
het_white_male,Poisson,2017,434.52226233555825,412.3155340876267,456.7289905834898
het_white_male,Poisson,2018,433.10301985758844,403.62548769460875,462.5805520205681
het_white_male,Poisson,2019,431.6884129285552,393.91064477471883,469.46618108239153
het_white_male,Poisson,2020,430.27842640776646,383.7571879774578,476.7996648380751
het_white_male,Poisson,2021,428.8730452039828,373.406369370914,484.3397210370517
het_white_male,Poisson,2022,427.472254275255,362.9694186255206,491.97508992498945
het_white_male,Poisson,2023,426.076038628765,352.50335644853305,499.6487208089969
het_white_male,Poisson,2024,424.6843833206646,342.04001169087144,507.3287549504578
het_white_male,Poisson,2025,423.29727345591425,331.5983763470115,514.996170564817
het_white_male,Poisson,2026,421.91469418812596,321.1903909472581,522.6389974289939
het_white_male,Poisson,2027,420.5366307194031,310.8238779186323,530.2493835201739
het_white_male,Poisson,2028,419.16306830018107,300.5041302549144,537.8220063454478
het_white_male,Poisson,2029,417.7939922290716,290.2348205566295,545.3531639015137
het_white_male,Poisson,2030,416.42938785270434,280.01854584672367,552.840229858685
idu_black_female,Poisson,2006,541.6718451997801,412.8973698014072,670.4463205981531
idu_black_female,Poisson,2007,517.7137753907389,407.32759829012076,628.099952491357
idu_black_female,Poisson,2008,494.81536765212184,401.3843913994033,588.2463439048404
idu_black_female,Poisson,2009,472.9297532790439,395.08943847553803,550.7700680825498
idu_black_female,Poisson,2010,452.01213656286944,388.4492011317321,515.5750719940067
idu_black_female,Poisson,2011,432.0197031028785,381.44302613477686,482.59638007098016
idu_black_female,Poisson,2012,412.9115321732955,373.9947630135195,451.82830133307147
idu_black_female,Poisson,2013,394.6485129663116,365.89809108451874,423.3989348481045
idu_black_female,Poisson,2014,377.19326453966687,356.6089512525369,397.77757782679686
idu_black_female,Poisson,2015,360.5100593049393,344.81342441546525,376.2066941944134
idu_black_female,Poisson,2016,344.56474989993643,328.9258236960599,360.20367610381294
idu_black_female,Poisson,2017,329.3246992955103,309.9224856729344,348.7269129180862
idu_black_female,Poisson,2018,314.758713993739,290.11760556287396,339.399822424604
idu_black_female,Poisson,2019,300.8369801807424,270.70369251021356,330.9702678512712
idu_black_female,Poisson,2020,287.53100270345465,252.10043440613714,322.96157100077215
idu_black_female,Poisson,2021,274.81354674542473,234.44144559114721,315.18564789970225
idu_black_female,Poisson,2022,262.65858208232913,217.7553789798214,307.5617851848369
idu_black_female,Poisson,2023,251.04122980301452,202.028860408895,300.053599197134
idu_black_female,Poisson,2024,239.9377113870815,187.23054531453394,292.6448774596291
idu_black_female,Poisson,2025,229.3253000347559,173.32133046666485,285.329269602847
idu_black_female,Poisson,2026,219.18227414943297,160.25908249447775,278.1054658043882
idu_black_female,Poisson,2027,209.48787287768184,148.00097615436863,270.97476960099505
idu_black_female,Poisson,2028,200.22225361570972,136.50470327861936,263.93980395280005
idu_black_female,Poisson,2029,191.36645139530907,125.72911162986004,257.0037911607581
idu_black_female,Poisson,2030,182.9023400661586,115.63454002778616,250.17014010453101
idu_black_male,Poisson,2006,1202.407111547967,1005.4814843799918,1399.332738715942
idu_black_male,Poisson,2007,1142.5393828000676,974.7488631802626,1310.3299024198727
idu_black_male,Poisson,2008,1085.6524622252307,944.4951157594195,1226.809808691042
idu_black_male,Poisson,2009,1031.5979356852852,914.7155230151209,1148.4803483554495
idu_black_male,Poisson,2010,980.2347785670682,885.3838046743942,1075.0857524597423
idu_black_male,Poisson,2011,931.4289878586744,856.4347480736916,1006.4232276436572
idu_black_male,Poisson,2012,885.0532325445984,827.7226349520781,942.3838301371186
idu_black_male,Poisson,2013,840.9865214077995,798.9117707258846,883.0612720897144
idu_black_male,Poisson,2014,799.113887371675,769.1730552901947,829.0547194531553
idu_black_male,Poisson,2015,759.3260875588117,736.5670100213584,782.0851650962649
idu_black_male,Poisson,2016,721.5193182835943,698.8554750222069,744.1831615449818
idu_black_male,Poisson,2017,685.594944235472,657.5883483364195,713.6015401345245
idu_black_male,Poisson,2018,651.4592411460515,616.1086930351262,686.8097892569767
idu_black_male,Poisson,2019,619.0231512687768,576.0729681657444,661.9733343718092
idu_black_male,Poisson,2020,588.2020510333425,538.0237662671659,638.3803357995191
idu_black_male,Poisson,2021,558.9155302684348,502.0968245659754,615.7342359708942
idu_black_male,Poisson,2022,531.0871824170881,468.2809700833584,593.8933947508178
idu_black_male,Poisson,2023,504.64440519706676,436.5081593669757,572.7806510271578
idu_black_male,Poisson,2024,479.5182111864706,406.68777951570365,552.3486428572375
idu_black_male,Poisson,2025,455.64304784014644,378.7211056017537,532.5649900785392
idu_black_male,Poisson,2026,432.9566264675698,352.5079009526558,513.4053519824838
idu_black_male,Poisson,2027,411.3997597258307,327.9495961516909,494.84992329997044
idu_black_male,Poisson,2028,390.91620720383247,304.95085612967375,476.8815582779912
idu_black_male,Poisson,2029,371.4525286948945,283.42033803071536,459.48471935907367
idu_black_male,Poisson,2030,352.9579447748126,263.2710221134606,442.64486743616453
idu_hisp_female,Poisson,2006,174.97172807790895,110.28631771834324,239.65713843747466
idu_hisp_female,Poisson,2007,171.9275672326376,114.86949729105112,228.9856371742241
idu_hisp_female,Poisson,2008,168.9363687450779,119.22982768352196,218.64290980663387
idu_hisp_female,Poisson,2009,165.9972111753082,123.36124015232393,208.63318219829245
idu_hisp_female,Poisson,2010,163.1091891146293,127.24984541994189,198.96853280931668
idu_hisp_female,Poisson,2011,160.27141290666145,130.8664856235846,189.6763401897383
idu_hisp_female,Poisson,2012,157.48300837327574,134.14918168939533,180.81683505715614
idu_hisp_female,Poisson,2013,154.74311654531138,136.9572023362998,172.52903075432297
idu_hisp_female,Poisson,2014,152.05089339796638,138.94191790158823,165.15986889434453
idu_hisp_female,Poisson,2015,149.40550959079204,139.25049566061205,159.56052352097203
idu_hisp_female,Poisson,2016,146.806150212222,136.66525413635654,156.94704628808748
idu_hisp_female,Poisson,2017,144.25201452852986,131.4402121649559,157.0638168921038
idu_hisp_female,Poisson,2018,141.74231573717108,124.98937044390269,158.49526103043948
idu_hisp_female,Poisson,2019,139.2762807244,118.14673182634286,160.40582962245716
idu_hisp_female,Poisson,2020,136.85314982711898,111.24045059347117,162.4658490607668
idu_hisp_female,Poisson,2021,134.47217659886064,104.40246449119036,164.54188870653093
idu_hisp_female,Poisson,2022,132.13262757984202,97.69099098625665,166.5742641734274
idu_hisp_female,Poisson,2023,129.83378207102868,91.13352565198385,168.5340384900735
idu_hisp_female,Poisson,2024,127.5749319121154,84.7433153311066,170.4065484931242
idu_hisp_female,Poisson,2025,125.35538126338378,78.52638586211361,172.18437666465394
idu_hisp_female,Poisson,2026,123.17444639134557,72.4848387459912,173.86405403669994
idu_hisp_female,Poisson,2027,121.03145545811579,66.61852470982019,175.44438620641137
idu_hisp_female,Poisson,2028,118.92574831445887,60.92595053597174,176.925546092946
idu_hisp_female,Poisson,2029,116.8566762964225,55.404797725136405,178.3085548677086
idu_hisp_female,Poisson,2030,114.82360202552329,50.05223284325008,179.5949712077965
idu_hisp_male,Poisson,2006,536.569624445471,439.1187030042383,634.0205458867038
idu_hisp_male,Poisson,2007,545.3559015245388,456.3438065201906,634.367996528887
idu_hisp_male,Poisson,2008,554.2860530634958,473.9690107795883,634.6030953474034
idu_hisp_male,Poisson,2009,563.3624349930764,491.9816428511075,634.7432271350452
idu_hisp_male,Poisson,2010,572.5874418221584,510.3541278949035,634.8207557494134
idu_hisp_male,Poisson,2011,581.9635072694772,529.0295080115412,634.8975065274132
idu_hisp_male,Poisson,2012,591.4931049056835,547.8874927814124,635.0987170299545
idu_hisp_male,Poisson,2013,601.1787488059143,566.6558370463355,635.7016605654932
idu_hisp_male,Poisson,2014,611.0229942130502,584.6579799291859,637.3880084969145
idu_hisp_male,Poisson,2015,621.0284382118336,600.1771807480532,641.8796956756141
idu_hisp_male,Poisson,2016,631.1977204140251,610.3195991013135,652.0758417267366
idu_hisp_male,Poisson,2017,641.5335236547788,614.6030184279906,668.4640288815671
idu_hisp_male,Poisson,2018,652.0385747004225,615.5501353138532,688.5270140869918
idu_hisp_male,Poisson,2019,662.7156449678254,614.9159835633895,710.5153063722612
idu_hisp_male,Poisson,2020,673.5675512555472,613.4186010937764,733.716501417318
idu_hisp_male,Poisson,2021,684.597156486959,611.3495546076681,757.8447583662498
idu_hisp_male,Poisson,2022,695.8073704655319,608.8389533277455,782.7757876033183
idu_hisp_male,Poisson,2023,707.2011506424956,605.9496509656584,808.4526503193327
idu_hisp_male,Poisson,2024,718.7815028970648,602.7132495777678,834.8497562163618
idu_hisp_male,Poisson,2025,730.5514823294434,599.1453812374655,861.9575834214213
idu_hisp_male,Poisson,2026,742.5141940668135,595.2528401323384,889.7755480012886
idu_hisp_male,Poisson,2027,754.6727940825225,591.037186973444,918.308401191601
idu_hisp_male,Poisson,2028,767.0304900286841,586.4966946208256,947.5642854365426
idu_hisp_male,Poisson,2029,779.5905420824133,581.62745730288,977.5536268619467
idu_hisp_male,Poisson,2030,792.3562638059187,576.4240524916952,1008.2884751201423
idu_white_female,Poisson,2006,200.49442250100432,155.81000104766872,245.17884395433992
idu_white_female,Poisson,2007,217.40398478644295,173.77300961866857,261.0349599542173
idu_white_female,Poisson,2008,235.7396879745545,193.63569123654753,277.84368471256147
idu_white_female,Poisson,2009,255.62181181237386,215.57875576782595,295.6648678569218
idu_white_female,Poisson,2010,277.1807803584337,239.79098636072158,314.5705743561458
idu_white_female,Poisson,2011,300.55801754704254,266.4602292465613,334.65580584752377
idu_white_female,Poisson,2012,325.90687491026523,295.75013224117475,356.0636175793557
idu_white_female,Poisson,2013,353.39363754338626,327.73661554556605,379.05065954120647
idu_white_female,Poisson,2014,383.1986149127186,362.21977818913325,404.17745163630394
idu_white_female,Poisson,2015,415.51732366148855,398.18153389722136,432.85311342575574
idu_white_female,Poisson,2016,450.5617701727129,433.1036724347246,468.0198679107012
idu_white_female,Poisson,2017,488.561841302546,465.23662007034943,511.88706253474254
idu_white_female,Poisson,2018,529.766812407194,495.9503005886052,563.5833242257828
idu_white_female,Poisson,2019,574.4469825556486,526.7741926087984,622.1197725024987
idu_white_female,Poisson,2020,622.8954476552794,558.4114780075228,687.3794173030361
idu_white_female,Poisson,2021,675.4300231215389,591.1659712437869,759.6940749992908
idu_white_female,Poisson,2022,732.3953287044204,625.1838800504679,839.6067773583729
idu_white_female,Poisson,2023,794.1650491475623,660.5419217798795,927.788176515245
idu_white_female,Poisson,2024,861.1443855099828,697.2800228878082,1025.0087481321575
idu_white_female,Poisson,2025,933.7727132305167,735.4141433118303,1132.1312831492032
idu_white_female,Poisson,2026,1012.5264643715757,774.9412314514645,1250.1116972916868
idu_white_female,Poisson,2027,1097.9222529495178,815.8406790432305,1380.003826855805
idu_white_female,Poisson,2028,1190.520263852952,858.0740107858568,1522.966516920047
idu_white_female,Poisson,2029,1290.9279275803797,901.5835491596656,1680.2723060010937
idu_white_female,Poisson,2030,1399.8039049025479,946.2903851932986,1853.3174246117972
idu_white_male,Poisson,2006,701.2469908212572,604.376408581317,798.1175730611974
idu_white_male,Poisson,2007,735.5019208191525,644.1028248268259,826.901016811479
idu_white_male,Poisson,2008,771.430156006962,686.221355433112,856.638956580812
idu_white_male,Poisson,2009,809.1134349916407,730.8475476307027,887.3793223525787
idu_white_male,Poisson,2010,848.6374891961761,778.0859547521115,919.1890236402407
idu_white_male,Poisson,2011,890.0922379031326,828.012293726745,952.1721820795202
idu_white_male,Poisson,2012,933.5719928256092,880.631223888179,986.5127617630394
idu_white_male,Poisson,2013,979.1756726713999,935.7656566992225,1022.5856886435772
idu_white_male,Poisson,2014,1027.0070281881042,992.7376860777669,1061.2763702984416
idu_white_male,Poisson,2015,1077.1748782015911,1049.5066149807901,1104.8431414223921
idu_white_male,Poisson,2016,1129.7933571843846,1102.0170778660365,1157.5696365027327
idu_white_male,Poisson,2017,1184.9821749176542,1148.5078703119339,1221.4564795233746
idu_white_male,Poisson,2018,1242.8668888370782,1191.7916751066934,1293.942102567463
idu_white_male,Poisson,2019,1303.5791896826843,1234.250811485964,1372.9075678794045
idu_white_male,Poisson,2020,1367.257201102004,1276.9101013987743,1457.6043008052338
idu_white_male,Poisson,2021,1434.0457938887148,1320.1968080089048,1547.8947797685248
idu_white_male,Poisson,2022,1504.0969155710898,1364.309307823678,1643.8845233185016
idu_white_male,Poisson,2023,1577.5699361007003,1409.3499463473636,1745.789925854037
idu_white_male,Poisson,2024,1654.6320104271929,1455.3755863211168,1853.888434533269
idu_white_male,Poisson,2025,1735.4584587846837,1502.4188264405855,1968.4980911287819
idu_white_male,Poisson,2026,1820.2331655542664,1550.4977237589615,2089.9686073495714
idu_white_male,Poisson,2027,1909.148997610625,1599.620553509648,2218.6774417116017
idu_white_male,Poisson,2028,2002.4082431043046,1649.788235629734,2355.028250578875
idu_white_male,Poisson,2029,2100.223071677607,1700.9955790736067,2499.4505642816075
idu_white_male,Poisson,2030,2202.816017161802,1753.2318855711956,2652.4001487524083
msm_black_male,Poisson,2006,10174.398834459738,9709.320175716583,10639.477493202894
msm_black_male,Poisson,2007,10130.27856271715,9714.40616879101,10546.15095664329
msm_black_male,Poisson,2008,10086.349614158402,9719.04773776719,10453.651490549613
msm_black_male,Poisson,2009,10042.611159129474,9723.154771798836,10362.067546460112
msm_black_male,Poisson,2010,9999.062371574062,9726.575819493915,10271.548923654209
msm_black_male,Poisson,2011,9955.702429017972,9729.038927085854,10182.36593095009
msm_black_male,Poisson,2012,9912.530512553574,9730.012528349125,10095.048496758023
msm_black_male,Poisson,2013,9869.545806824395,9728.341792408299,10010.749821240492
msm_black_male,Poisson,2014,9826.747500009631,9721.220714915391,9932.274285103871
msm_black_male,Poisson,2015,9784.134783808868,9701.738808006137,9866.530759611598
msm_black_male,Poisson,2016,9741.706853426811,9659.339149063251,9824.07455779037
msm_black_male,Poisson,2017,9699.46290755808,9594.53356629659,9804.39224881957
msm_black_male,Poisson,2018,9657.402148372073,9518.274695894805,9796.529600849342
msm_black_male,Poisson,2019,9615.523781497906,9437.435737935251,9793.611825060561
msm_black_male,Poisson,2020,9573.8270160094,9354.781773317265,9792.872258701535
msm_black_male,Poisson,2021,9532.311064410156,9271.449726091016,9793.172402729297
msm_black_male,Poisson,2022,9490.97514261865,9187.962901827534,9793.987383409767
msm_black_male,Poisson,2023,9449.818469953509,9104.588748059647,9795.04819184737
msm_black_male,Poisson,2024,9408.840269118647,9021.475795390006,9796.204742847289
msm_black_male,Poisson,2025,9368.039766188673,8938.71197422277,9797.367558154576
msm_black_male,Poisson,2026,9327.41619059424,8856.351926797788,9798.480454390692
msm_black_male,Poisson,2027,9286.968775107498,8774.430857177429,9799.506693037567
msm_black_male,Poisson,2028,9246.696755827608,8692.972033139078,9800.421478516138
msm_black_male,Poisson,2029,9206.599372166309,8611.991079211217,9801.207665121401
msm_black_male,Poisson,2030,9166.675866833557,8531.498549837284,9801.85318382983
msm_hisp_male,Poisson,2006,5427.445031951514,5132.956764260487,5721.93329964254
msm_hisp_male,Poisson,2007,5580.095914628934,5307.9000413356625,5852.291787922206
msm_hisp_male,Poisson,2008,5737.040215635792,5488.482805641843,5985.597625629742
msm_hisp_male,Poisson,2009,5898.3986905198335,5674.8174006783465,6121.9799803613205
msm_hisp_male,Poisson,2010,6064.295491167383,5866.972133556943,6261.618848777824
msm_hisp_male,Poisson,2011,6234.858261327867,6064.9236893054085,6404.792833350325
msm_hisp_male,Poisson,2012,6410.218234825072,6268.445535689619,6551.990933960525
msm_hisp_male,Poisson,2013,6590.5103365304485,6476.816587570331,6704.204085490566
msm_hisp_male,Poisson,2014,6775.873286176812,6687.988223806534,6863.7583485470905
msm_hisp_male,Poisson,2015,6966.449705091429,6896.427947972091,7036.471462210767
msm_hisp_male,Poisson,2016,7162.386225931271,7092.209153648735,7232.563298213807
msm_hisp_male,Poisson,2017,7363.833605504617,7272.704521788034,7454.962689221199
msm_hisp_male,Poisson,2018,7570.9468407658405,7445.977081068214,7695.916600463467
msm_hisp_male,Poisson,2019,7783.885288072635,7618.040108258803,7949.7304678864675
msm_hisp_male,Poisson,2020,8002.812785797442,7791.438721879899,8214.186849714986
msm_hisp_male,Poisson,2021,8227.897780387404,7967.259717758235,8488.535843016574
msm_hisp_male,Poisson,2022,8459.313455969925,8146.037298662042,8772.589613277807
msm_hisp_male,Poisson,2023,8697.23786760316,8328.076642071634,9066.399093134687
msm_hisp_male,Poisson,2024,8941.854078274895,8513.577478587564,9370.130677962226
msm_hisp_male,Poisson,2025,9193.350299754002,8702.686453991588,9684.014145516416
msm_hisp_male,Poisson,2026,9451.92003740376,8895.521525834834,10008.318548972684
msm_hisp_male,Poisson,2027,9717.76223906808,9092.184275408497,10343.340202727664
msm_hisp_male,Poisson,2028,9991.081448145298,9292.76654612711,10689.396350163486
msm_hisp_male,Poisson,2029,10272.087960967223,9497.354224804769,11046.821697129677
msm_hisp_male,Poisson,2030,10560.997988604655,9706.029496305335,11415.966480903975
msm_white_male,Poisson,2006,11231.759563767208,10642.271365462213,11821.247762072202
msm_white_male,Poisson,2007,10722.313084569781,10217.617045812824,11227.00912332674
msm_white_male,Poisson,2008,10235.973912263422,9809.323812057222,10662.624012469621
msm_white_male,Poisson,2009,9771.69395317478,9416.67978197936,10126.7081243702
msm_white_male,Poisson,2010,9328.472652720768,9038.940105960992,9618.005199480544
msm_white_male,Poisson,2011,8905.354839146054,8675.271429153261,9135.438249138846
msm_white_male,Poisson,2012,8501.428665063579,8324.62154815543,8678.235781971727
msm_white_male,Poisson,2013,8115.823642362037,7985.379017046513,8246.268267677562
msm_white_male,Poisson,2014,7747.7087662453505,7654.430184320162,7840.987348170539
msm_white_male,Poisson,2015,7396.290724361371,7325.206833811755,7467.374614910987
msm_white_male,Poisson,2016,7060.812187160324,6989.996878069951,7131.627496250698
msm_white_male,Poisson,2017,6740.550175798623,6652.764141033413,6828.336210563833
msm_white_male,Poisson,2018,6434.814504070761,6323.463664496603,6546.16534364492
msm_white_male,Poisson,2019,6142.946291011555,6006.955543642593,6278.937038380518
msm_white_male,Poisson,2020,5864.316540963285,5704.626443139976,6024.006638786594
msm_white_male,Poisson,2021,5598.3247880476865,5416.593771771311,5780.055804324062
msm_white_male,Poisson,2022,5344.39780212154,5142.523234947178,5546.272369295902
msm_white_male,Poisson,2023,5101.988353427103,4881.912162470172,5322.064544384034
msm_white_male,Poisson,2024,4870.57403327512,4634.197216466827,5106.950850083414
msm_white_male,Poisson,2025,4649.656128218918,4398.799586315807,4900.512670122029
msm_white_male,Poisson,2026,4438.758545293329,4175.145448372318,4702.37164221434
msm_white_male,Poisson,2027,4237.426786002353,3962.675664624126,4512.177907380579
msm_white_male,Poisson,2028,4045.2269668440345,3760.8504169931502,4329.603516694919
msm_white_male,Poisson,2029,3861.744884262669,3569.1513031210493,4154.338465404289
msm_white_male,Poisson,2030,3686.5851220119866,3387.0820959732378,3986.0881480507355
het_black_female,Gamma,2006,5312.112106109616,4877.463842161479,5746.760370057754
het_black_female,Gamma,2007,5147.358792971754,4781.386940106935,5513.330645836573
het_black_female,Gamma,2008,4992.517592734966,4687.677796360484,5297.3573891094475
het_black_female,Gamma,2009,4846.720109189961,4596.338740123726,5097.101478256195
het_black_female,Gamma,2010,4709.196507605245,4507.296990759416,4911.096024451073
het_black_female,Gamma,2011,4579.261917349184,4420.3767621475145,4738.147072550853
het_black_female,Gamma,2012,4456.305025115145,4335.218465934096,4577.391584296195
het_black_female,Gamma,2013,4339.778457780968,4251.053791826354,4428.5031237355815
het_black_female,Gamma,2014,4229.19063567285,4166.071842799031,4292.309428546668
het_black_female,Gamma,2015,4124.098840466583,4076.1146885294347,4172.082992403732
het_black_female,Gamma,2016,4024.103291569017,3976.3092996637765,4071.8972834742576
het_black_female,Gamma,2017,3928.84206386681,3869.643425643463,3988.0407020901566
het_black_female,Gamma,2018,3837.9867106439433,3762.9476220257006,3913.025799262186
het_black_female,Gamma,2019,3751.2384800986224,3659.5662475756967,3842.910712621548
het_black_female,Gamma,2020,3668.325033616688,3560.5254510702457,3776.12461616313
het_black_female,Gamma,2021,3588.9975898488406,3466.01722440156,3711.9779552961213
het_black_female,Gamma,2022,3513.0284314998016,3375.9445137751095,3650.1123492244938
het_black_female,Gamma,2023,3440.2087221999586,3290.1080208491453,3590.309423550772
het_black_female,Gamma,2024,3370.3465893809575,3208.2756874713673,3532.417491290548
het_black_female,Gamma,2025,3303.2654360940405,3130.2106870244916,3476.3201851635895
het_black_female,Gamma,2026,3238.802450497154,3055.6832020178767,3421.9216989764313
het_black_female,Gamma,2027,3176.807286524642,2984.475307002245,3369.1392660470397
het_black_female,Gamma,2028,3117.1408932341974,2916.382730229207,3317.8990562391878
het_black_female,Gamma,2029,3059.674473643812,2851.2151468937045,3268.133800393919
het_black_female,Gamma,2030,3004.288556651163,2788.7957749014854,3219.781338400841
het_black_male,Gamma,2006,3128.6516615652404,1862.096409410105,4395.206913720376
het_black_male,Gamma,2007,2937.1433268370906,1937.226217563531,3937.0604361106502
het_black_male,Gamma,2008,2767.7275673530285,1982.6179776976678,3552.837157008389
het_black_male,Gamma,2009,2616.7899367338027,2006.1890965690613,3227.390776898544
het_black_male,Gamma,2010,2481.4636673305013,2013.4917493393657,2949.435585321637
het_black_male,Gamma,2011,2359.4458470033865,2008.3475351740763,2710.5441588326967
het_black_male,Gamma,2012,2248.865287550226,1993.1395476291023,2504.59102747135
het_black_male,Gamma,2013,2148.1858855073756,1968.6617457808136,2327.710025233938
het_black_male,Gamma,2014,2056.134829237703,1933.063090314487,2179.206568160919
het_black_male,Gamma,2015,1971.648505789257,1879.7486767416447,2063.5483348368693
het_black_male,Gamma,2016,1893.83121748594,1802.5524838256792,1985.1099511462007
het_black_male,Gamma,2017,1821.9233035926145,1711.136158194632,1932.7104489905971
het_black_male,Gamma,2018,1755.2762587514717,1618.9596149916647,1891.5929025112787
het_black_male,Gamma,2019,1693.3331197931675,1531.6731302999149,1854.9931092864201
het_black_male,Gamma,2020,1635.612863849257,1450.7115007203442,1820.51422697817
het_black_male,Gamma,2021,1581.6978921900852,1376.112991598819,1787.2827927813514
het_black_male,Gamma,2022,1531.2239105021124,1307.483847252234,1754.9639737519908
het_black_male,Gamma,2023,1483.8716868449096,1244.3146985674573,1723.428675122362
het_black_male,Gamma,2024,1439.3602930175134,1186.0902180677706,1692.6303679672562
het_black_male,Gamma,2025,1397.4415269226834,1132.3275436252302,1662.5555102201365
het_black_male,Gamma,2026,1357.8952819812491,1082.5881244671903,1633.202439495308
het_black_male,Gamma,2027,1320.5256811554852,1036.4791703871902,1604.5721919237803
het_black_male,Gamma,2028,1285.1578322308737,993.6510542460136,1576.6646102157338
het_black_male,Gamma,2029,1251.6350909195128,953.7933026202106,1549.476879218815
het_black_male,Gamma,2030,1219.8167414185352,916.6302977540571,1523.0031850830132
het_hisp_female,Gamma,2006,1043.891013526767,927.3717617210457,1160.4102653324883
het_hisp_female,Gamma,2007,1041.2300708483506,937.120002398772,1145.340139297929
het_hisp_female,Gamma,2008,1038.5826594922855,946.7027213457847,1130.4625976387865
het_hisp_female,Gamma,2009,1035.9486765069003,956.0983305891689,1115.7990224246316
het_hisp_female,Gamma,2010,1033.3280199822816,965.2699450030597,1101.3860949615034
het_hisp_female,Gamma,2011,1030.7205890371245,974.1506404698645,1087.2905376043846
het_hisp_female,Gamma,2012,1028.1262838057887,982.6087869105941,1073.6437807009834
het_hisp_female,Gamma,2013,1025.5450054255537,990.3574198372988,1060.7325910138084
het_hisp_female,Gamma,2014,1022.9766560240527,996.6981312282361,1049.2551808198693
het_hisp_female,Gamma,2015,1020.4211387069064,999.9109320430438,1040.9313453707691
het_hisp_female,Gamma,2016,1017.8783575455404,997.3762290246174,1038.3804860664634
het_hisp_female,Gamma,2017,1015.3482175651762,989.2404448851789,1041.4559902451736
het_hisp_female,Gamma,2018,1012.8306247330086,978.2365658666182,1047.4246835993988
het_hisp_female,Gamma,2019,1010.3254859465595,966.0742430676393,1054.5767288254797
het_hisp_female,Gamma,2020,1007.8327090221956,953.4405326879042,1062.2248853564868
het_hisp_female,Gamma,2021,1005.3522026838232,940.6176517654067,1070.0867536022397
het_hisp_female,Gamma,2022,1002.8838765517504,927.7352657636798,1078.032487339821
het_hisp_female,Gamma,2023,1000.4276411317045,914.8594330341622,1085.9958492292467
het_hisp_female,Gamma,2024,997.9834078040178,902.026651875154,1093.9401637328815
het_hisp_female,Gamma,2025,995.5510888129734,889.2583608697416,1101.8438167562051
het_hisp_female,Gamma,2026,993.1305972562958,876.5677305266012,1109.6934639859905
het_hisp_female,Gamma,2027,990.7218470748053,863.9631075344936,1117.480586615117
het_hisp_female,Gamma,2028,988.3247530422198,851.4498804019432,1125.1996256824962
het_hisp_female,Gamma,2029,985.9392307550984,839.0315470723498,1132.846914437847
het_hisp_female,Gamma,2030,983.5651966229374,826.7103547888927,1140.4200384569822
het_hisp_male,Gamma,2006,929.57441537504894,569.577801074532,1289.571029675566
het_hisp_male,Gamma,2007,874.1159584763342,588.9531959912795,1159.278720961389
het_hisp_male,Gamma,2008,824.9022483838785,600.3304840649267,1049.4740127028304
het_hisp_male,Gamma,2009,780.9347452389601,605.8097568259229,956.0597336519972
het_hisp_male,Gamma,2010,741.4170260332271,606.8713126730097,875.9627393934445
het_hisp_male,Gamma,2011,705.7061090467553,604.5359971955554,806.8762208979551
het_hisp_male,Gamma,2012,673.27719884814735,599.4353557365815,747.1190419597132
het_hisp_male,Gamma,2013,643.6977245637019,591.7590386127239,695.6364105146798
het_hisp_male,Gamma,2014,616.607933688093,580.9432780622204,652.2725893139656
het_hisp_male,Gamma,2015,591.7061882152184,565.0546204591036,618.3577559713332
het_hisp_male,Gamma,2016,568.7376853659214,542.262840784585,595.2125299472577
het_hisp_male,Gamma,2017,547.4857071460167,515.3241800048704,579.647234287163
het_hisp_male,Gamma,2018,527.76476109882606,488.1424844162292,567.3870377814229
het_hisp_male,Gamma,2019,509.4151519737491,462.36860333339786,556.4617006141003
het_hisp_male,Gamma,2020,492.2986477563746,438.427162645311,546.1701328674382
het_hisp_male,Gamma,2021,476.2949910313658,416.3348164840705,536.2551655786611
het_hisp_male,Gamma,2022,461.2990693739099,395.9811063596093,526.6170323882104
het_hisp_male,Gamma,2023,447.2186039585644,377.2208373906976,517.2163705264312
het_hisp_male,Gamma,2024,433.9722489405066,359.9062404744676,508.03825740654554
het_hisp_male,Gamma,2025,421.48801889132545,343.89835184032836,499.07768594232255
het_hisp_male,Gamma,2026,409.70198007580524,329.0706133613973,490.33334679021317
het_hisp_male,Gamma,2027,398.55715533017957,315.3094118793798,481.80489878097933
het_hisp_male,Gamma,2028,388.0026029458394,302.5134135089871,473.49179238269164
het_hisp_male,Gamma,2029,377.9926381346885,290.5924660701914,465.3928101991856
het_hisp_male,Gamma,2030,368.48617197477444,279.4664014319379,457.50594251761095
het_white_female,Gamma,2006,889.4894846763517,759.3065167271379,1019.6724526255655
het_white_female,Gamma,2007,897.4404628722077,778.333734807268,1016.5471909371474
het_white_female,Gamma,2008,905.53486771093,797.8651971657604,1013.2045382560997
het_white_female,Gamma,2009,913.7766153957837,817.8918597335592,1009.6613710580082
het_white_female,Gamma,2010,922.1697660132683,838.3851898863004,1005.9543421402361
het_white_female,Gamma,2011,930.7185302023018,859.2775685380693,1002.1594918665344
het_white_female,Gamma,2012,939.4272761978228,880.4162992138636,998.4382531817821
het_white_female,Gamma,2013,948.300537273585,901.4434954329615,995.1575791142084
het_white_female,Gamma,2014,957.3430196107442,921.4535988894747,993.2324403320138
het_white_female,Gamma,2015,966.5596106209954,938.1238181098907,994.9954031321
het_white_female,Gamma,2016,975.9553877551384,947.4759502997838,1004.434825210493
het_white_female,Gamma,2017,985.535627830454,948.7274756005686,1022.3437800603394
het_white_female,Gamma,2018,995.3058169128835,945.2533889389093,1045.3582448868576
het_white_female,Gamma,2019,1005.2716607929024,939.4362191849497,1071.107102400855
het_white_female,Gamma,2020,1015.4390960971181,932.24440326628,1098.6337889279562
het_white_female,Gamma,2021,1025.8143020810626,924.0605750889758,1127.5680290731493
het_white_female,Gamma,2022,1036.4037131524015,915.0445710367276,1157.7628552680753
het_white_female,Gamma,2023,1047.214032177887,905.2625696159853,1189.1654947397888
het_white_female,Gamma,2024,1058.2522446319067,894.7363683533029,1221.7681209105106
het_white_female,Gamma,2025,1069.5256336493255,883.4642171424898,1255.5870501561612
het_white_female,Gamma,2026,1081.0417960508612,871.4304635407623,1290.65312856096
het_white_female,Gamma,2027,1092.8086594150304,858.6103509157406,1327.0069679143203
het_white_female,Gamma,2028,1104.8345002773124,844.9725317305921,1364.6964688240328
het_white_female,Gamma,2029,1117.1279635443223,830.4804223252331,1403.7755047634114
het_white_female,Gamma,2030,1129.6980832186941,815.0929311757836,1444.3032352616046
het_white_male,Gamma,2006,450.65902127317753,317.63501849261195,583.6830240537431
het_white_male,Gamma,2007,449.1425374663622,330.48584812166774,567.7992268110568
het_white_male,Gamma,2008,447.6362254760669,343.09527013440345,552.1771808177303
het_white_male,Gamma,2009,446.13998330316895,355.44022934558575,536.8397372607521
het_white_male,Gamma,2010,444.65371030774634,367.480396327144,521.8270242883488
het_white_male,Gamma,2011,443.1773071865134,379.14154063423655,507.2130737387903
het_white_male,Gamma,2012,441.7106759507052,390.27642094345555,493.14493095795484
het_white_male,Gamma,2013,440.2537199043954,400.56252962285765,479.9449101859331
het_white_male,Gamma,2014,438.80634362324747,409.2133000514959,468.39938719499906
het_white_male,Gamma,2015,437.3684529336787,414.2931652876063,460.44374057975114
het_white_male,Gamma,2016,435.93995489243525,412.8765768241114,459.0033329607591
het_white_male,Gamma,2017,434.52075776656676,405.1795689827871,463.86194655034643
het_white_male,Gamma,2018,433.11077101378737,394.295090679231,471.92645134834373
het_white_male,Gamma,2019,431.70990526322254,382.1436287538404,481.2761817726047
het_white_male,Gamma,2020,430.3180722965235,369.49520898237404,491.14093561067295
het_white_male,Gamma,2021,428.93518502935075,356.6655779751304,501.2047920835711
het_white_male,Gamma,2022,427.5611574932087,343.799358241885,511.32295674453246
het_white_male,Gamma,2023,426.19590481763146,330.9698193814213,521.4219902538416
het_white_male,Gamma,2024,424.839343212709,318.2170735567472,531.4616128686708
het_white_male,Gamma,2025,423.49138995194266,305.56434617788665,541.4184337259986
het_white_male,Gamma,2026,422.1519633554308,293.0255982932106,551.278328417651
het_white_male,Gamma,2027,420.8209827733678,280.60939273649205,561.0325728102436
het_white_male,Gamma,2028,419.49836856985735,268.32098847139025,570.6757486683244
het_white_male,Gamma,2029,418.18404210703,256.1635390870023,580.2045451270577
het_white_male,Gamma,2030,416.8779257294554,244.13881103408542,589.6170404248254
idu_black_female,Gamma,2006,613.6551965767654,392.51576542338955,834.7946277301413
idu_black_female,Gamma,2007,568.9593538370422,398.7282125598037,739.1904951142806
idu_black_female,Gamma,2008,530.3323656715841,399.6060858179827,661.0586455251854
idu_black_female,Gamma,2009,496.61675918668493,396.9345346757579,596.298983697612
idu_black_female,Gamma,2010,466.93181029388785,391.87820285831936,541.9854177294563
idu_black_female,Gamma,2011,440.595496517577,385.1887972063097,496.00219582884426
idu_black_female,Gamma,2012,417.07145213179984,377.31217124761105,456.83073301598864
idu_black_female,Gamma,2013,395.9320548702826,368.4010604940978,423.46304924646745
idu_black_female,Gamma,2014,376.8321968725646,358.175126634883,395.48926711024626
idu_black_female,Gamma,2015,359.4902980303828,345.63137034509634,373.34922571566926
idu_black_female,Gamma,2016,343.6743313015588,329.92156318177274,357.4270994213449
idu_black_female,Gamma,2017,329.1913815087978,312.6021064234415,345.7806565941541
idu_black_female,Gamma,2018,315.8797374287602,295.6435624879605,336.11591236955996
idu_black_female,Gamma,2019,303.6028279634546,279.8069984580588,327.39865746885044
idu_black_female,Gamma,2020,292.2445194617185,265.2389775773469,319.2500613460901
idu_black_female,Gamma,2021,281.70543058478114,251.89218083843159,311.5186803311307
idu_black_female,Gamma,2022,271.90001678996225,239.66554295015462,304.13449062976986
idu_black_female,Gamma,2023,262.7542432215112,228.44884798385232,297.0596384591701
idu_black_female,Gamma,2024,254.20371197324368,218.13726495420673,290.27015899228064
idu_black_female,Gamma,2025,246.19214348204542,208.63574201624797,283.7485449478429
idu_black_female,Gamma,2026,238.67013631294776,199.8597632143717,277.4805094115238
idu_black_female,Gamma,2027,231.59414756029827,191.73478840265665,271.4535067179399
idu_black_female,Gamma,2028,224.9256493983082,184.19526230997644,265.65603648663995
idu_black_female,Gamma,2029,218.630427270433,177.18354295483215,260.07731158603383
idu_black_female,Gamma,2030,212.6779927237801,170.64888598620584,254.70709946135437
idu_black_male,Gamma,2006,1422.824808975216,671.0695192116339,2174.5800987387984
idu_black_male,Gamma,2007,1296.0164949309271,737.7052518026751,1854.3277380591792
idu_black_male,Gamma,2008,1189.9619299797425,774.1556894879966,1605.7681704714885
idu_black_male,Gamma,2009,1099.9515885616086,791.2061334311227,1408.6970436920944
idu_black_male,Gamma,2010,1022.6006800753473,795.5134460930637,1249.687914057631
idu_black_male,Gamma,2011,955.4139614360505,791.2401710222257,1119.5877518498753
idu_black_male,Gamma,2012,896.5115286434063,780.9146442134997,1012.1084130733129
idu_black_male,Gamma,2013,844.4501498032229,765.7737076410356,923.1265919654102
idu_black_male,Gamma,2014,798.1034337904467,745.541722570079,850.6651450108145
idu_black_male,Gamma,2015,756.5794066927272,717.778124464817,795.3806889206373
idu_black_male,Gamma,2016,719.1625459437313,680.7031872218257,757.6219046656369
idu_black_male,Gamma,2017,685.27220421181,639.2287485601729,731.3156598634472
idu_black_male,Gamma,2018,654.432259819846,598.843653912503,710.020865727189
idu_black_male,Gamma,2019,626.2486093392582,561.5331090938805,690.9641095846359
idu_black_male,Gamma,2020,600.3922358600587,527.6161513669508,673.1683203531666
idu_black_male,Gamma,2021,576.586305383476,496.90818542602744,656.2644253409245
idu_black_male,Gamma,2022,554.5962159535978,469.09723761746193,640.0951942897337
idu_black_male,Gamma,2023,534.2218401981115,443.8601417734742,624.5835386227488
idu_black_male,Gamma,2024,515.2914172061634,420.8981925262373,609.6846418860895
idu_black_male,Gamma,2025,497.65669862871897,399.9462553901217,595.3671418673163
idu_black_male,Gamma,2026,481.1890584826914,380.7727622063415,581.6053547590413
idu_black_male,Gamma,2027,465.776350583697,363.17669396531994,568.3760072020741
idu_black_male,Gamma,2028,451.32035118177697,346.9838046422966,555.6568977212573
idu_black_male,Gamma,2029,437.7346634892391,332.04292494763837,543.4264020308399
idu_black_male,Gamma,2030,424.9429896173265,318.22263538118506,531.663343853468
idu_hisp_female,Gamma,2006,177.6250881759445,88.03942574823645,267.21075060365257
idu_hisp_female,Gamma,2007,173.96457266925,96.86852358476675,251.06062175373324
idu_hisp_female,Gamma,2008,170.45188328335664,104.87943057855873,236.02433598815455
idu_hisp_female,Gamma,2009,167.0782425460494,112.13036568166328,222.02611941043554
idu_hisp_female,Gamma,2010,163.83555440489909,118.66309016632104,209.00801864347713
idu_hisp_female,Gamma,2011,160.71633936054704,124.49501689685314,196.93766182424093
idu_hisp_female,Gamma,2012,157.71367687141708,129.5992430535365,185.82811068929766
idu_hisp_female,Gamma,2013,154.8211540963309,133.85090817120894,175.79140002145286
idu_hisp_female,Gamma,2014,152.03282017600569,136.87629103298588,167.1893493190255
idu_hisp_female,Gamma,2015,149.34314536750327,137.72569469297136,160.96059604203518
idu_hisp_female,Gamma,2016,146.7469844410801,135.1620599291439,158.33190895301627
idu_hisp_female,Gamma,2017,144.23954382963385,129.76176424881015,158.71732341045754
idu_hisp_female,Gamma,2018,141.81635208943837,123.21056466708403,160.4221395117927
idu_hisp_female,Gamma,2019,139.4732332892019,116.4220748743532,162.52439170405057
idu_hisp_female,Gamma,2020,137.20628299427605,109.73598892323628,164.67657706531583
idu_hisp_female,Gamma,2021,135.01184655547317,103.2763892948782,166.74730381606815
idu_hisp_female,Gamma,2022,132.88649944854123,97.08781295857578,168.68518593850666
idu_hisp_female,Gamma,2023,130.8270294418227,91.18262805202005,170.47143083162536
idu_hisp_female,Gamma,2024,128.8304203968016,85.55910041749476,172.10174037610844
idu_hisp_female,Gamma,2025,126.89383752971199,80.20903182516157,173.57864323426242
idu_hisp_female,Gamma,2026,125.01461398274898,75.12127945603336,174.9079485094646
idu_hisp_female,Gamma,2027,123.19023857110145,70.28348721298653,176.09698992921636
idu_hisp_female,Gamma,2028,121.41834458742044,65.68297693910102,177.15371223573985
idu_hisp_female,Gamma,2029,119.6966995587659,61.30721883244328,178.08618028508852
idu_hisp_female,Gamma,2030,118.02319586281664,57.14408002801244,178.90231169762083
idu_hisp_male,Gamma,2006,542.2433995287831,465.8424326044301,618.6443664531362
idu_hisp_male,Gamma,2007,549.9773201699604,479.30767296982464,620.6469673700963
idu_hisp_male,Gamma,2008,557.9350479870498,493.32643784054824,622.5436581335513
idu_hisp_male,Gamma,2009,566.1264405384192,507.9142871975058,624.3385938793325
idu_hisp_male,Gamma,2010,574.5619429081273,523.0762668896252,626.0476189266294
idu_hisp_male,Gamma,2011,583.2526321398001,538.7945762333372,627.7106880462629
idu_hisp_male,Gamma,2012,592.2102657650306,554.9994309023666,629.4211006276946
idu_hisp_male,Gamma,2013,601.447334873319,571.4927026159538,631.4019671306843
idu_hisp_male,Gamma,2014,610.9771222273198,587.7288654418674,634.2253790127722
idu_hisp_male,Gamma,2015,620.8137659919577,602.2414899902396,639.3860419936757
idu_hisp_male,Gamma,2016,630.9723297204611,612.3518699037269,649.5927895371952
idu_hisp_male,Gamma,2017,641.4688793259132,617.213537431698,665.7242212201285
idu_hisp_male,Gamma,2018,652.3205678655563,618.8589060807753,685.7822296503373
idu_hisp_male,Gamma,2019,663.5457290788972,618.829059954428,708.2623982033665
idu_hisp_male,Gamma,2020,675.1639807525911,617.7427465333006,732.5852149718816
idu_hisp_male,Gamma,2021,687.1963391379411,615.8239505403134,758.5687277355688
idu_hisp_male,Gamma,2022,699.6653458248621,613.1432136772665,786.1874779724577
idu_hisp_male,Gamma,2023,712.5952086836976,609.7035892354411,815.4868281319541
idu_hisp_male,Gamma,2024,726.0119587289246,605.4729619843913,846.5509554734579
idu_hisp_male,Gamma,2025,739.9436250435305,600.3971907272544,879.4900593598065
idu_hisp_male,Gamma,2026,754.4204302374709,594.4056407879918,914.43521968695
idu_hisp_male,Gamma,2027,769.4750093085593,587.413337154997,951.5366814621216
idu_hisp_male,Gamma,2028,785.1426552413334,579.3214283248359,990.9638821578309
idu_hisp_male,Gamma,2029,801.4615952341101,570.016683648262,1032.9065068199582
idu_hisp_male,Gamma,2030,818.4733021049266,559.3703433750796,1077.5762608347736
idu_white_female,Gamma,2006,244.15709564784598,177.5976800613007,310.71651123439125
idu_white_female,Gamma,2007,255.7441354245524,189.83052265701187,321.657748192093
idu_white_female,Gamma,2008,268.48574766144606,203.65038869570674,333.3211066271854
idu_white_female,Gamma,2009,282.56354917132535,219.35426941300364,345.77282892964706
idu_white_female,Gamma,2010,298.19935622583387,237.30653630306477,359.09217614860296
idu_white_female,Gamma,2011,315.6669583594677,257.9497376607171,373.38417905821825
idu_white_female,Gamma,2012,335.30828768891854,281.8025433223011,388.81403205553596
idu_white_female,Gamma,2013,357.5560252478931,309.40473519399046,405.70731530179575
idu_white_female,Gamma,2014,382.9658464759141,341.0626094599103,424.8690834919179
idu_white_female,Gamma,2015,412.2634677571898,375.8863053425993,448.6406301717803
idu_white_female,Gamma,2016,446.4150767681728,409.4584679132126,483.37168562313303
idu_white_female,Gamma,2017,486.73593104910856,435.17244261411935,538.2994194840977
idu_white_female,Gamma,2018,535.0636527017776,451.71691822362027,618.410387179935
idu_white_female,Gamma,2019,594.0461414417385,458.9592636389271,729.13301924455
idu_white_female,Gamma,2020,667.6435078173309,452.6095755313661,882.6774401032958
idu_white_female,Gamma,2021,762.0558807676872,421.7928905477483,1102.318870987626
idu_white_female,Gamma,2022,887.568086312441,342.7512142335894,1432.3849583912925
idu_white_female,Gamma,2023,1062.5767030348609,160.95899833978876,1964.1944077299331
idu_white_female,Gamma,2024,1323.5515225353226,1,2911.2852333356927
idu_white_female,Gamma,2025,1754.4557242200378,1,4877.886451852372
idu_white_female,Gamma,2026,2601.3773757805675,1,10204.285613652206
idu_white_female,Gamma,2027,5029.013857762155,1,36202.07840531972
idu_white_female,Gamma,2028,75298.12116168285,1,7683490.755743459
idu_white_female,Gamma,2029,-5804.33403422499,1,43092.26020922349
idu_white_female,Gamma,2030,-2794.4618718834604,1,9395.183348028666
idu_white_male,Gamma,2006,758.165283836282,697.2038734143875,819.1266942581765
idu_white_male,Gamma,2007,783.7804045856045,725.0878172730305,842.4729918981785
idu_white_male,Gamma,2008,811.1868959305847,755.2063833223417,867.1674085388277
idu_white_male,Gamma,2009,840.5794837146343,787.8215687980087,893.3373986312599
idu_white_male,Gamma,2010,872.1821776804164,823.2288327394375,921.1355226213954
idu_white_male,Gamma,2011,906.2539913503857,861.7535580898833,950.7544246108881
idu_white_male,Gamma,2012,943.0960570936045,903.7317210093454,982.4603931778636
idu_white_male,Gamma,2013,983.060550234597,949.4420674274503,1016.6790330417438
idu_white_male,Gamma,2014,1026.561982567527,998.8813682891292,1054.2425968459247
idu_white_male,Gamma,2015,1074.091633197673,1051.0711536235135,1097.1121127718325
idu_white_male,Gamma,2016,1126.2361828772607,1103.0268355860662,1149.4455301684552
idu_white_male,Gamma,2017,1183.7020532106274,1152.3746568446315,1215.0294495766232
idu_white_male,Gamma,2018,1247.3475979125672,1200.8428051849603,1293.852390640174
idu_white_male,Gamma,2019,1318.2262693891553,1250.5816396192627,1385.870899159048
idu_white_male,Gamma,2020,1397.6453892488912,1302.634725425493,1492.6560530722895
idu_white_male,Gamma,2021,1487.2475252490688,1357.4317686882302,1617.0632818099073
idu_white_male,Gamma,2022,1589.1253146053216,1415.0490614239447,1763.2015677866984
idu_white_male,Gamma,2023,1705.9869507934823,1475.214650241039,1936.7592513459256
idu_white_male,Gamma,2024,1841.400483918054,1537.1500305824932,2145.6509372536148
idu_white_male,Gamma,2025,2000.1645013268335,1599.2225434755585,2401.1064591781083
idu_white_male,Gamma,2026,2188.8886601274403,1658.2769253166564,2719.5003949382244
idu_white_male,Gamma,2027,2416.937114935777,1708.3430963869541,3125.5311334846
idu_white_male,Gamma,2028,2698.03027741534,1738.0404761033778,3658.0200787273025
idu_white_male,Gamma,2029,3053.1113975841895,1725.0675674707954,4381.1552276975835
idu_white_male,Gamma,2030,3515.8197801804845,1623.6330337366321,5408.006526624336
msm_black_male,Gamma,2006,10183.016865957055,8943.413396367454,11422.620335546657
msm_black_male,Gamma,2007,10137.068268193916,9033.970186233159,11240.166350154674
msm_black_male,Gamma,2008,10091.532473395824,9121.964421779,11061.100525012649
msm_black_male,Gamma,2009,10046.403943496784,9207.202798185497,10885.60508880807
msm_black_male,Gamma,2010,10001.677239052915,9289.333253312227,10714.021224793603
msm_black_male,Gamma,2011,9957.347017056903,9367.69264952372,10547.001384590087
msm_black_male,Gamma,2012,9913.408028810187,9440.948341811512,10385.867715808861
msm_black_male,Gamma,2013,9869.855117851353,9506.160863446188,10233.549372256519
msm_black_male,Gamma,2014,9826.683217938857,9556.13894557274,10097.227490304973
msm_black_male,Gamma,2015,9783.887351086425,9573.205386116551,9994.569316056299
msm_black_male,Gamma,2016,9741.46262564966,9530.925227857826,9952.000023441493
msm_black_male,Gamma,2017,9699.404234462072,9431.914378543457,9966.894090380687
msm_black_male,Gamma,2018,9657.707453019331,9304.631264340163,10010.7836416985
msm_black_male,Gamma,2019,9616.367637710058,9166.56454881737,10066.170726602746
msm_black_male,Gamma,2020,9575.380224091894,9024.699948630705,10126.060499553083
msm_black_male,Gamma,2021,9534.740725211508,8881.890769719059,10187.590680703957
msm_black_male,Gamma,2022,9494.444729967101,8739.43453235001,10249.454927584193
msm_black_male,Gamma,2023,9454.487901512368,8597.980162147513,10310.995640877223
msm_black_male,Gamma,2024,9414.865975700528,8457.875336664023,10371.856614737033
msm_black_male,Gamma,2025,9375.574759567331,8319.314489716824,10431.835029417838
msm_black_male,Gamma,2026,9336.610129851926,8182.408162890613,10490.812096813239
msm_black_male,Gamma,2027,9297.968031554381,8047.218184924601,10548.717878184161
msm_black_male,Gamma,2028,9259.644476528953,7913.776727758651,10605.512225299255
msm_black_male,Gamma,2029,9221.635542111968,7782.097208466607,10661.17387575733
msm_black_male,Gamma,2030,9183.937369783365,7652.180819009203,10715.693920557527
msm_hisp_male,Gamma,2006,5586.792027404698,4780.453118563497,6393.1309362459
msm_hisp_male,Gamma,2007,5711.976306864827,4953.5571038568905,6470.395509872764
msm_hisp_male,Gamma,2008,5842.8992275995315,5137.306448378992,6548.492006820071
msm_hisp_male,Gamma,2009,5979.964648678815,5332.473590154189,6627.455707203441
msm_hisp_male,Gamma,2010,6123.615235149411,5539.790377845278,6707.440092453544
msm_hisp_male,Gamma,2011,6274.337233738476,5759.81328094086,6788.861186536093
msm_hisp_male,Gamma,2012,6432.665971627562,5992.5889304364755,6872.743012818648
msm_hisp_male,Gamma,2013,6599.192209326715,6236.754477729764,6961.629940923665
msm_hisp_male,Gamma,2014,6774.569506536106,6486.905865386228,7062.2331476859845
msm_hisp_male,Gamma,2015,6959.5227945849765,6726.343189813867,7192.702399356086
msm_hisp_male,Gamma,2016,7154.858392506194,6920.625445944932,7389.091339067456
msm_hisp_male,Gamma,2017,7361.475758570594,7052.242018697652,7670.709498443535
msm_hisp_male,Gamma,2018,7580.3813385289195,7142.550043747215,8018.212633310624
msm_hisp_male,Gamma,2019,7812.704960379332,7210.25259781032,8415.157322948344
msm_hisp_male,Gamma,2020,8059.719339257192,7262.420652291762,8857.018026222622
msm_hisp_male,Gamma,2021,8322.863403248424,7300.701716814977,9345.02508968187
msm_hisp_male,Gamma,2022,8603.770342853388,7324.381655876448,9883.159029830327
msm_hisp_male,Gamma,2023,8904.30153908669,7331.421147367258,10477.181930806122
msm_hisp_male,Gamma,2024,9226.58785963101,7318.759384584597,11134.416334677424
msm_hisp_male,Gamma,2025,9573.080259928154,7282.328986420362,11863.831533435947
msm_hisp_male,Gamma,2026,9946.612230692414,7216.92215101255,12676.302310372277
msm_hisp_male,Gamma,2027,10350.477458872665,7115.946317969969,13585.008599775361
msm_hisp_male,Gamma,2028,10788.527209075799,6971.067006589688,14605.98741156191
msm_hisp_male,Gamma,2029,11265.293525854282,6771.712367470858,15758.874684237706
msm_hisp_male,Gamma,2030,11786.14661368742,6504.393194126296,17067.900033248545
msm_white_male,Gamma,2006,12827.434996845226,10694.856389299614,14960.013604390839
msm_white_male,Gamma,2007,11853.485816206308,10222.910201402774,13484.061431009843
msm_white_male,Gamma,2008,11016.997776315317,9772.136542763652,12261.859009866981
msm_white_male,Gamma,2009,10290.787700558109,9346.414559237342,11235.160841878875
msm_white_male,Gamma,2010,9654.3965364261785,8946.592014161522,10362.201058690835
msm_white_male,Gamma,2011,9092.131314369542,8571.756885752295,9612.50574298679
msm_white_male,Gamma,2012,8591.753661346287,8219.74022407635,8963.767098616225
msm_white_male,Gamma,2013,8143.57878373792,7886.865942676185,8400.291624799655
msm_white_male,Gamma,2014,7739.8424700084015,7566.372813739677,7913.312126277126
msm_white_male,Gamma,2015,7374.247492865899,7245.554046435581,7502.940939296218
msm_white_male,Gamma,2016,7041.632768345903,6913.954547050166,7169.31098964164
msm_white_male,Gamma,2017,6737.728185994594,6583.950781612822,6891.505590376367
msm_white_male,Gamma,2018,6458.9702990488595,6271.782174924579,6646.15842317314
msm_white_male,Gamma,2019,6202.361949272201,5982.697855172292,6422.02604337211
msm_white_male,Gamma,2020,5965.364074964135,5716.538807898132,6214.1893420301385
msm_white_male,Gamma,2021,5745.811410728307,5471.586252658938,6020.036568797676
msm_white_male,Gamma,2022,5541.846142218452,5245.814335470007,5837.877948966897
msm_white_male,Gamma,2023,5351.865207239456,5037.268303123813,5666.462111355099
msm_white_male,Gamma,2024,5174.478077052331,4844.1719175429525,5504.78423656171
msm_white_male,Gamma,2025,5008.472664332833,4664.946561099307,5351.99876756636
msm_white_male,Gamma,2026,4852.78758950224,4498.200908843,5207.374270161479
msm_white_male,Gamma,2027,4706.489463618304,4342.711693452131,5070.267233784478
msm_white_male,Gamma,2028,4568.754160160589,4197.403054871326,4940.105265449852
msm_white_male,Gamma,2029,4438.851281799052,4061.327179775471,4816.375383822634
msm_white_male,Gamma,2030,4316.131203828462,3933.647083784783,4698.615323872142
het_black_female,NS 2,2006,4585.632865104114,4341.202444071607,4830.063286136621
het_black_female,NS 2,2007,4542.4578762363635,4328.066536401655,4756.849216071072
het_black_female,NS 2,2008,4499.282887368614,4314.872996255129,4683.692778482099
het_black_female,NS 2,2009,4456.1078985008635,4301.588272694863,4610.627524306864
het_black_female,NS 2,2010,4412.932909633114,4288.146824461977,4537.7189948042505
het_black_female,NS 2,2011,4369.757920765363,4274.401930812855,4465.1139107178715
het_black_female,NS 2,2012,4326.582931897614,4259.950296787779,4393.215567007449
het_black_female,NS 2,2013,4283.407943029863,4243.245811887319,4323.570074172408
het_black_female,NS 2,2014,4237.187048806489,4212.678378291053,4261.695719321924
het_black_female,NS 2,2015,4172.690722449365,4144.548446945512,4200.832997953218
het_black_female,NS 2,2016,4072.4050081636506,4044.2627326597976,4100.5472836675035
het_black_female,NS 2,2017,3936.3299059493447,3911.8212354339094,3960.83857646478
het_black_female,NS 2,2018,3781.9793716012905,3741.817240458746,3822.141502743835
het_black_female,NS 2,2019,3624.5829318976107,3557.9502967877756,3691.2155670074458
het_black_female,NS 2,2020,3467.1864921939323,3371.8305022414243,3562.5424821464403
het_black_female,NS 2,2021,3309.7900524902525,3185.003967319116,3434.576137661389
het_black_female,NS 2,2022,3152.3936127865727,2997.8739869805722,3306.913238592573
het_black_female,NS 2,2023,2994.997173082894,2810.5872819694087,3179.407064196379
het_black_female,NS 2,2024,2837.600733379215,2623.209393544506,3051.992073213924
het_black_female,NS 2,2025,2680.2042936755356,2435.773872643029,2924.6347147080423
het_black_female,NS 2,2026,2522.8078539718567,2248.299638556528,2797.3160693871855
het_black_female,NS 2,2027,2365.4114142681765,2060.7981587961576,2670.0246697401953
het_black_female,NS 2,2028,2208.0149745644976,1873.2767843883732,2542.753164740622
het_black_female,NS 2,2029,2050.618534860818,1685.7404429042224,2415.4966268174135
het_black_female,NS 2,2030,1893.222095157139,1498.1925601958183,2288.2516301184596
het_black_male,NS 2,2006,1855.8901213078102,1174.9050391157134,2536.875203499907
het_black_male,NS 2,2007,1883.3732812478972,1286.0773163598087,2480.6692461359858
het_black_male,NS 2,2008,1910.8564411879852,1397.0890290692969,2424.6238533066735
het_black_male,NS 2,2009,1938.3396011280727,1507.8467040684336,2368.8324981877117
het_black_male,NS 2,2010,1965.8227610681602,1618.1677428926805,2313.47777924364
het_black_male,NS 2,2011,1993.3059210082479,1727.643380392317,2258.9684616241784
het_black_male,NS 2,2012,2020.7890809483354,1835.150033626511,2206.4281282701595
het_black_male,NS 2,2013,2048.272240888423,1936.3802265410018,2160.164255235844
het_black_male,NS 2,2014,2070.106775155515,2001.8254256619787,2138.388124649052
het_black_male,NS 2,2015,2058.0495553846367,1979.6449537147191,2136.4541570545543
het_black_male,NS 2,2016,1979.620983956065,1901.2163822861473,2058.0255856259823
het_black_male,NS 2,2017,1834.8210608698002,1766.5397113762638,1903.1024103633367
het_black_male,NS 2,2018,1656.1293837455648,1544.2373693981438,1768.021398092986
het_black_male,NS 2,2019,1471.7890809483338,1286.1500336265094,1657.4281282701581
het_black_male,NS 2,2020,1287.4487781511032,1021.7862375351724,1553.111318767034
het_black_male,NS 2,2021,1103.1084753538726,755.4534571783929,1450.7634935293522
het_black_male,NS 2,2022,918.7681725566415,488.2752754970028,1349.26106961628
het_black_male,NS 2,2023,734.4278697594109,220.66045764072283,1248.195281878099
het_black_male,NS 2,2024,550.0875669621798,1,1147.3835318502681
het_black_male,NS 2,2025,365.74726416494946,1,1046.732346357046
het_black_male,NS 2,2026,181.40696136771794,1,946.1890161028471
het_black_male,NS 2,2027,-2.9333414295128932,1,845.7215925110855
het_black_male,NS 2,2028,-187.27364422674327,1,745.3095955640448
het_black_male,NS 2,2029,-371.6139470239741,1,644.9392970098875
het_black_male,NS 2,2030,-555.954249821204,1,544.6011523975931
het_hisp_female,NS 2,2006,1104.764727630921,810.1334557035053,1399.3959995583368
het_hisp_female,NS 2,2007,1094.3850186886873,835.9622213997911,1352.8078159775835
het_hisp_female,NS 2,2008,1084.0053097464538,861.7215181248837,1306.289101368024
het_hisp_female,NS 2,2009,1073.62560080422,887.3709042870643,1259.880297321376
het_hisp_female,NS 2,2010,1063.2458918619866,912.8313778358242,1213.660405888149
het_hisp_female,NS 2,2011,1052.8661829197529,937.9260846826805,1167.8062811568252
het_hisp_female,NS 2,2012,1042.4864739775194,962.1689015928807,1122.804046362158
het_hisp_female,NS 2,2013,1032.1067650352857,983.6961795940002,1080.5173504765712
het_hisp_female,NS 2,2014,1022.1450215223521,992.6027872263502,1051.687255818354
het_hisp_female,NS 2,2015,1014.6910705852191,980.7689655067794,1048.6131756636587
het_hisp_female,NS 2,2016,1012.1482134423619,978.2261083639222,1046.0703185208015
het_hisp_female,NS 2,2017,1014.5164500937808,984.9742157977789,1044.0586843897827
het_hisp_female,NS 2,2018,1019.3924793210001,970.9818938797147,1067.8030647622857
het_hisp_female,NS 2,2019,1024.6864739775194,944.3689015928808,1105.004046362158
het_hisp_female,NS 2,2020,1029.9804686340387,915.0403703969664,1144.920566871111
het_hisp_female,NS 2,2021,1035.2744632905583,884.859949264396,1185.6889773167204
het_hisp_female,NS 2,2022,1040.5684579470776,854.3137614299219,1226.8231544642333
het_hisp_female,NS 2,2023,1045.8624526035971,823.578660982027,1268.1462442251673
het_hisp_female,NS 2,2024,1051.1564472601165,792.7336499712204,1309.5792445490124
het_hisp_female,NS 2,2025,1056.4504419166358,761.8191699892203,1351.0817138440511
het_hisp_female,NS 2,2026,1061.7444365731553,730.8580259508574,1392.6308471954533
het_hisp_female,NS 2,2027,1067.0384312296746,699.8640405521086,1434.2128219072406
het_hisp_female,NS 2,2028,1072.3324258861942,668.8460745651508,1475.8187772072374
het_hisp_female,NS 2,2029,1077.6264205427135,637.8100675801536,1517.4427735052734
het_hisp_female,NS 2,2030,1082.9204151992328,606.7601490469651,1559.0806813515005
het_hisp_male,NS 2,2006,805.2730302662324,418.0948573692694,1192.4512031631953
het_hisp_male,NS 2,2007,781.7795072123519,442.18328636758565,1121.375728057118
het_hisp_male,NS 2,2008,758.2859841584716,466.18042543199994,1050.3915428849432
het_hisp_male,NS 2,2009,734.7924611045911,490.0331298250641,979.551792384118
het_hisp_male,NS 2,2010,711.2989380507108,513.6375820892118,908.9602940122098
het_hisp_male,NS 2,2011,687.8054149968303,536.76137633487,838.8494536587907
het_hisp_male,NS 2,2012,664.3118919429501,558.7656927089972,769.8580911769029
het_hisp_male,NS 2,2013,640.8183688890696,577.2014897390287,704.4352480391104
het_hisp_male,NS 2,2014,617.3435480171105,578.5217752188793,656.1653208153417
het_hisp_male,NS 2,2015,593.9809402366786,549.4035313989477,638.5583490744095
het_hisp_male,NS 2,2016,570.8380830938214,526.2606742560905,615.4154919315523
het_hisp_male,NS 2,2017,547.9149765885387,509.0932037903075,586.7367493867699
het_hisp_male,NS 2,2018,525.1040831747835,461.4872040247426,588.7209623248243
het_hisp_male,NS 2,2019,502.3118919429494,396.7656927089966,607.8580911769022
het_hisp_male,NS 2,2020,479.5197007111152,328.47566204915495,630.5637393730755
het_hisp_male,NS 2,2021,456.72750947928114,259.06615351778225,654.38886544078
het_hisp_male,NS 2,2022,433.935318247447,189.17598696792018,678.6946495269739
het_hisp_male,NS 2,2023,411.14312701561295,119.0375682891414,703.2486857420845
het_hisp_male,NS 2,2024,388.35093578377894,48.75471493901284,727.947156628545
het_hisp_male,NS 2,2025,365.5587445519448,1,752.7369174489074
het_hisp_male,NS 2,2026,342.76655332011075,1,777.5880000154798
het_hisp_male,NS 2,2027,319.9743620882766,1,802.4822397724831
het_hisp_male,NS 2,2028,297.18217085644267,1,827.4079926824087
het_hisp_male,NS 2,2029,274.3899796246084,1,852.3574534649314
het_hisp_male,NS 2,2030,251.5977883927742,1,877.3251955648974
het_white_female,NS 2,2006,740.6567866251061,361.0942551233559,1120.2193181268563
het_white_female,NS 2,2007,768.1107679229243,435.19427031196625,1101.0272655338824
het_white_female,NS 2,2008,795.5647492207423,509.2047912035367,1081.924707237948
het_white_female,NS 2,2009,823.0187305185605,583.0737183965678,1062.9637426405532
het_white_female,NS 2,2010,850.4727118163786,656.6992764817867,1044.2461471509705
het_white_female,NS 2,2011,877.9266931141967,729.85363090147,1025.9997553269236
het_white_female,NS 2,2012,905.3806744120147,801.9105271362063,1008.8508216878232
het_white_female,NS 2,2013,932.8346557098329,870.469095389736,995.2002160299297
het_white_female,NS 2,2014,959.3257580051006,921.2675941100924,997.3839219001088
het_white_female,NS 2,2015,980.0395862850668,936.3389974330697,1023.7401751370638
het_white_female,NS 2,2016,989.4395862850666,945.7389974330696,1033.1401751370638
het_white_female,NS 2,2017,987.5257580051007,949.4675941100925,1025.5839219001089
het_white_female,NS 2,2018,979.8346557098329,917.4690953897361,1042.2002160299296
het_white_female,NS 2,2019,971.1806744120148,867.7105271362063,1074.6508216878233
het_white_female,NS 2,2020,962.5266931141967,814.45363090147,1110.5997553269235
het_white_female,NS 2,2021,953.8727118163787,760.0992764817869,1147.6461471509706
het_white_female,NS 2,2022,945.2187305185607,705.2737183965681,1185.1637426405532
het_white_female,NS 2,2023,936.5647492207426,650.204791203537,1222.924707237948
het_white_female,NS 2,2024,927.9107679229246,594.9942703119666,1260.8272655338826
het_white_female,NS 2,2025,919.2567866251064,539.6942551233566,1298.8193181268562
het_white_female,NS 2,2026,910.6028053272885,484.33412436301035,1336.8714862915667
het_white_female,NS 2,2027,901.9488240294703,428.9316852970848,1374.9659627618557
het_white_female,NS 2,2028,893.2948427316521,373.4983529294807,1413.0913325338236
het_white_female,NS 2,2029,884.6408614338344,318.0417790137486,1451.23994385392
het_white_female,NS 2,2030,875.9868801360163,262.56728336685035,1489.4064769051824
het_white_male,NS 2,2006,439.15790254894944,97.42384936800369,780.8919557298952
het_white_male,NS 2,2007,439.1426210041976,139.4057011104785,738.8795408979167
het_white_male,NS 2,2008,439.12733945944586,181.3069778585171,696.9477010603746
het_white_male,NS 2,2009,439.1120579146941,223.08077261217835,655.1433432172098
het_white_male,NS 2,2010,439.09677636994235,264.6354532417382,613.5580994981465
het_white_male,NS 2,2011,439.08149482519053,305.7658919476812,572.3970977026999
het_white_male,NS 2,2012,439.0662132804388,345.90824884203266,532.2241777188449
het_white_male,NS 2,2013,439.05093173568696,382.9009328863164,495.2009305850575
het_white_male,NS 2,2014,438.9602747304648,404.6951154350829,473.22543402584665
het_white_male,NS 2,2015,438.4173649624203,399.0721237561814,477.76260616865926
het_white_male,NS 2,2016,436.9887935338489,397.64355232761,476.33403474008776
het_white_male,NS 2,2017,434.6745604447504,400.40940114936853,468.93971974013226
het_white_male,NS 2,2018,431.9080745928296,375.7580757434591,488.05807344220017
het_white_male,NS 2,2019,429.0662132804385,335.90824884203244,522.2241777188445
het_white_male,NS 2,2020,426.2243519680473,292.908749090538,559.5399548455566
het_white_male,NS 2,2021,423.3824906556562,248.92116752745224,597.8438137838602
het_white_male,NS 2,2022,420.54062934326504,204.5093440407494,636.5719146457807
het_white_male,NS 2,2023,417.69876803087385,159.87840642994513,675.5191296318026
het_white_male,NS 2,2024,414.8569067184827,115.11998682476371,714.5938266122017
het_white_male,NS 2,2025,412.0150454060916,70.28099222514612,753.749098587037
het_white_male,NS 2,2026,409.17318409370046,25.387873373834225,792.9584948135666
het_white_male,NS 2,2027,406.33132278130927,1,832.2059827576627
het_white_male,NS 2,2028,403.48946146891814,1,871.4812850731009
het_white_male,NS 2,2029,400.647600156527,1,910.7775126058222
het_white_male,NS 2,2030,397.8057388441358,1,950.0898757297122
idu_black_female,NS 2,2006,651.603748532567,512.5091148893748,790.6983821757592
idu_black_female,NS 2,2007,616.9620167590981,494.96130692676485,738.9627265914313
idu_black_female,NS 2,2008,582.3202849856293,477.38070284908366,687.2598671221749
idu_black_female,NS 2,2009,547.6785532121605,459.74821028929495,635.6088961350262
idu_black_female,NS 2,2010,513.0368214386917,442.0265325911384,584.0471102862451
idu_black_female,NS 2,2011,478.39508966522294,424.1321774135434,532.6580019169025
idu_black_female,NS 2,2012,443.75335789175415,405.8356472805598,481.6710685029485
idu_black_female,NS 2,2013,409.1116261182853,386.25711850828884,431.96613372828176
idu_black_female,NS 2,2014,375.4656438489253,361.5188342332235,389.4124534646271
idu_black_female,NS 2,2015,347.7941586042182,331.7796237334804,363.808693474956
idu_black_female,NS 2,2016,331.8227300327896,315.8081951620518,347.8372649035274
idu_black_female,NS 2,2017,327.5513581346396,313.6045485189378,341.4981677503414
idu_black_female,NS 2,2018,329.2544832611424,306.39997565114595,352.1089908711389
idu_black_female,NS 2,2019,331.9533578917541,294.0356472805597,369.87106850294845
idu_black_female,NS 2,2020,334.6522325223657,280.38932027068614,388.91514477404525
idu_black_female,NS 2,2021,337.3511071529773,266.340818305424,408.3613960005306
idu_black_female,NS 2,2022,340.0499817835889,252.11963886072337,427.98032470645444
idu_black_female,NS 2,2023,342.74885641420065,237.80927427765502,447.68843855074624
idu_black_female,NS 2,2024,345.4477310448123,223.44702121247911,467.4484408771455
idu_black_female,NS 2,2025,348.14660567542387,209.05197203223184,487.2412393186159
idu_black_female,NS 2,2026,350.8454803060356,194.63489287607052,507.05606773600067
idu_black_female,NS 2,2027,353.5443549366472,180.2023094017107,526.8864004715838
idu_black_female,NS 2,2028,356.243229567259,165.7584047559435,546.7280543785745
idu_black_female,NS 2,2029,358.94210419787026,151.3059830033649,566.5782253923757
idu_black_female,NS 2,2030,361.6409788284819,136.846993646179,586.4349640107848
idu_black_male,NS 2,2006,1599.6068331781576,1454.5110529934516,1744.7026133628635
idu_black_male,NS 2,2007,1498.3674776342964,1371.103127367418,1625.6318279011748
idu_black_male,NS 2,2008,1397.1281220904352,1287.6609906594854,1506.595253521385
idu_black_male,NS 2,2009,1295.888766546574,1204.164726774991,1387.612806318157
idu_black_male,NS 2,2010,1194.649411002713,1120.5754299179555,1268.7233920874703
idu_black_male,NS 2,2011,1093.4100554588517,1036.8060055251322,1150.0141053925713
idu_black_male,NS 2,2012,992.1706999149906,952.6170546028197,1031.7243452271614
idu_black_male,NS 2,2013,890.9313443711294,867.0907940525871,914.7718946896717
idu_black_male,NS 2,2014,793.0708496943694,778.522314145048,807.6193852436908
idu_black_male,NS 2,2015,715.4835202202164,698.7780487688481,732.1889916715847
idu_black_male,NS 2,2016,677.597805934502,660.8923344831337,694.3032773858704
idu_black_male,NS 2,2017,679.4137068372264,664.865171287905,693.9622423865478
idu_black_male,NS 2,2018,701.5027729425577,677.6622226240154,725.3433232611001
idu_black_male,NS 2,2019,726.9706999149902,687.4170546028195,766.5243452271609
idu_black_male,NS 2,2020,752.4386268874225,695.8345769537029,809.0426768211421
idu_black_male,NS 2,2021,777.906553859855,703.8325727750976,851.9805349446124
idu_black_male,NS 2,2022,803.3744808322873,711.6504410607043,895.0985206038703
idu_black_male,NS 2,2023,828.84240780472,719.3752763737702,938.3095392356697
idu_black_male,NS 2,2024,854.3103347771523,727.045984510274,981.5746850440306
idu_black_male,NS 2,2025,879.7782617495848,734.6824815648788,1024.8740419342907
idu_black_male,NS 2,2026,905.2461887220171,742.2959981747389,1068.1963792692952
idu_black_male,NS 2,2027,930.7141156944499,749.8933415427833,1111.5348898461166
idu_black_male,NS 2,2028,956.1820426668824,757.478875294921,1154.8852100388438
idu_black_male,NS 2,2029,981.6499696393139,765.0555244752716,1198.2444148033562
idu_black_male,NS 2,2030,1007.1178966117461,772.6253226960315,1241.6104705274608
idu_hisp_female,NS 2,2006,226.55978086332365,66.28003402495509,386.8395277016922
idu_hisp_female,NS 2,2007,217.111169358648,76.52887388211295,357.693464835183
idu_hisp_female,NS 2,2008,207.66255785397237,86.73992253997552,328.58519316796924
idu_hisp_female,NS 2,2009,198.21394634929678,96.8911797266779,299.5367129719157
idu_hisp_female,NS 2,2010,188.76533484462115,106.9396682369408,270.5910014523015
idu_hisp_female,NS 2,2011,179.31672333994553,116.78917924559804,241.84426743429302
idu_hisp_female,NS 2,2012,169.86811183526993,126.17526116036387,213.56096251017598
idu_hisp_female,NS 2,2013,160.4195003305943,134.0840868218138,186.7549138393748
idu_hisp_female,NS 2,2014,151.33614810616805,135.26513906823584,167.40715714410027
idu_hisp_female,NS 2,2015,144.44435156323797,125.99068784102352,162.89801528545243
idu_hisp_female,NS 2,2016,141.84435156323798,123.39068784102354,160.29801528545244
idu_hisp_female,NS 2,2017,143.53614810616799,127.46513906823579,159.60715714410017
idu_hisp_female,NS 2,2018,147.4195003305942,121.08408682181368,173.7549138393747
idu_hisp_female,NS 2,2019,151.66811183526977,107.97526116036371,195.36096251017582
idu_hisp_female,NS 2,2020,155.91672333994532,93.38917924559784,218.44426743429278
idu_hisp_female,NS 2,2021,160.16533484462087,78.33966823694058,241.99100145230116
idu_hisp_female,NS 2,2022,164.41394634929642,63.091179726677595,265.73671297191527
idu_hisp_female,NS 2,2023,168.66255785397203,47.739922539975225,289.58519316796884
idu_hisp_female,NS 2,2024,172.91116935864758,32.32887388211256,313.49346483518264
idu_hisp_female,NS 2,2025,177.15978086332316,16.88003402495474,337.4395277016916
idu_hisp_female,NS 2,2026,181.4083923679987,1.4058088680918956,361.41097586790545
idu_hisp_female,NS 2,2027,185.6570038726743,1,385.40028977150024
idu_hisp_female,NS 2,2028,189.90561537734987,1,409.40264914233967
idu_hisp_female,NS 2,2029,194.15422688202537,1,433.4148228366198
idu_hisp_female,NS 2,2030,198.4028383867009,1,457.4345644289293
idu_hisp_male,NS 2,2006,591.0207154326744,328.18510042012184,853.8563304452268
idu_hisp_male,NS 2,2007,593.3712315643182,362.83658935083184,823.9058737778046
idu_hisp_male,NS 2,2008,595.721747695962,397.42610617773715,794.0173892141868
idu_hisp_male,NS 2,2009,598.0722638276059,431.9175736353061,764.2269540199056
idu_hisp_male,NS 2,2010,600.4227799592497,466.2405153196018,734.6050445988976
idu_hisp_male,NS 2,2011,602.7732960908936,500.2371626651565,705.3094295166306
idu_hisp_male,NS 2,2012,605.1238122225374,533.4738532893514,676.7737711557234
idu_hisp_male,NS 2,2013,607.4743283541812,564.2880572080802,650.6605995002823
idu_hisp_male,NS 2,2014,610.2419598159469,583.8878281949576,636.5960914369361
idu_hisp_male,NS 2,2015,615.5122832584437,585.2509423882573,645.7736241286302
idu_hisp_male,NS 2,2016,625.6837118298723,595.4223709596858,655.9450527000588
idu_hisp_male,NS 2,2017,640.7562455302326,614.4021139092433,667.1103771512219
idu_hisp_male,NS 2,2018,658.331471211324,615.145200065223,701.517742357425
idu_hisp_male,NS 2,2019,676.3238122225373,604.6738532893513,747.9737711557233
idu_hisp_male,NS 2,2020,694.3161532337505,591.7800198080134,796.8522866594875
idu_hisp_male,NS 2,2021,712.3084942449638,578.1262296053159,846.4907588846116
idu_hisp_male,NS 2,2022,730.3008352561769,564.1461450638773,896.4555254484766
idu_hisp_male,NS 2,2023,748.2931762673903,549.9975347491655,946.5888177856151
idu_hisp_male,NS 2,2024,766.2855172786035,535.7508750651172,996.8201594920898
idu_hisp_male,NS 2,2025,784.2778582898168,521.4422432772644,1047.1134733023691
idu_hisp_male,NS 2,2026,802.27019930103,507.09198326755677,1097.4484153345031
idu_hisp_male,NS 2,2027,820.2625403122433,492.71242603118935,1147.8126545932973
idu_hisp_male,NS 2,2028,838.2548813234565,478.3114761143737,1198.1982865325394
idu_hisp_male,NS 2,2029,856.2472223346697,463.8944321258593,1248.60001254348
idu_hisp_male,NS 2,2030,874.239563345883,449.46497787858084,1299.014148813185
idu_white_female,NS 2,2006,59.63229297386377,1,546.8262497634464
idu_white_female,NS 2,2007,100.28555978356295,1,527.6062047109837
idu_white_female,NS 2,2008,140.93882659326206,1,508.50103158887805
idu_white_female,NS 2,2009,181.59209340296115,1,489.5776034719363
idu_white_female,NS 2,2010,222.24536021266027,1,470.96655592144924
idu_white_female,NS 2,2011,262.8986270223594,72.83692417739417,452.9603298673246
idu_white_female,NS 2,2012,303.5518938320585,170.74102269192448,436.3627649721925
idu_white_female,NS 2,2013,344.20516064175763,264.15478269867754,424.2555385848377
idu_white_female,NS 2,2014,384.5691103644633,335.7189054119495,433.41931531697713
idu_white_female,NS 2,2015,423.19715756520804,367.1045218864384,479.28979324397767
idu_white_female,NS 2,2016,458.42572899377944,402.3330933150098,514.5183646725491
idu_white_female,NS 2,2017,490.25482465017745,441.40461969766363,539.1050296026913
idu_white_female,NS 2,2018,520.3480177846146,440.29763984153453,600.3983957276947
idu_white_female,NS 2,2019,550.1518938320584,417.3410226919243,682.9627649721924
idu_white_female,NS 2,2020,579.9557698795021,389.89406703453693,770.0174727244673
idu_white_female,NS 2,2021,609.7596459269457,361.0384502181569,858.4808416357346
idu_white_female,NS 2,2022,639.5635219743895,331.5780119054144,947.5490320433645
idu_white_female,NS 2,2023,669.3673980218332,301.8051930262174,1036.929603017449
idu_white_female,NS 2,2024,699.1712740692768,271.8506291418563,1126.4919189966972
idu_white_female,NS 2,2025,728.9751501167204,241.78119332713817,1216.1691069063027
idu_white_female,NS 2,2026,758.7790261641643,211.63459514567398,1305.9234571826546
idu_white_female,NS 2,2027,788.5829022116079,181.43369141745654,1395.7321130057594
idu_white_female,NS 2,2028,818.3867782590517,151.19313406530648,1485.580422452797
idu_white_female,NS 2,2029,848.1906543064956,120.92274462791431,1575.458563985077
idu_white_female,NS 2,2030,877.9945303539394,90.62935144701589,1665.359709260863
idu_white_male,NS 2,2006,503.3683898042092,249.3882267925661,757.3485528158523
idu_white_male,NS 2,2007,569.1795159832157,346.41204207593796,791.9469898904933
idu_white_male,NS 2,2008,634.990642162222,443.37597321832015,826.6053111061238
idu_white_male,NS 2,2009,700.8017683412285,540.2451584686511,861.3583782138058
idu_white_male,NS 2,2010,766.6128945202347,636.9514959125094,896.27429312796
idu_white_male,NS 2,2011,832.424020699241,733.34253251961,931.5055088788721
idu_white_male,NS 2,2012,898.2351468782475,828.9992168511885,967.4710769053065
idu_white_male,NS 2,2013,964.0462730572539,922.3150328483198,1005.777513266188
idu_white_male,NS 2,2014,1029.158901078142,1003.6926923042303,1054.6251098520536
idu_white_male,NS 2,2015,1090.080540150319,1060.838763738877,1119.3223165617608
idu_white_male,NS 2,2016,1142.7948258646047,1113.5530494531629,1172.0366022760466
idu_white_male,NS 2,2017,1187.3017582209989,1161.8355494470873,1212.7679669949105
idu_white_male,NS 2,2018,1227.6177016286822,1185.8864614197482,1269.3489418376162
idu_white_male,NS 2,2019,1267.2351468782472,1197.999216851188,1336.4710769053063
idu_white_male,NS 2,2020,1306.8525921278122,1207.771103948181,1405.9340803074433
idu_white_male,NS 2,2021,1346.4700373773771,1216.808638769652,1476.1314359851024
idu_white_male,NS 2,2022,1386.0874826269421,1225.5308727543647,1546.6440924995195
idu_white_male,NS 2,2023,1425.7049278765069,1234.0902589326051,1617.3195968204086
idu_white_male,NS 2,2024,1465.3223731260719,1242.5548992187942,1688.0898470333495
idu_white_male,NS 2,2025,1504.939818375637,1250.9596553639942,1758.91998138728
idu_white_male,NS 2,2026,1544.5572636252018,1259.3241858245121,1829.7903414258915
idu_white_male,NS 2,2027,1584.1747088747668,1267.6604061399134,1900.6890116096201
idu_white_male,NS 2,2028,1623.7921541243315,1275.9759545366053,1971.6083537120578
idu_white_male,NS 2,2029,1663.409599373897,1284.2759511027234,2042.5432476450706
idu_white_male,NS 2,2030,1703.0270446234622,1292.563955536254,2113.4901337106703
msm_black_male,NS 2,2006,7942.618372937198,6499.312057508667,9385.924688365729
msm_black_male,NS 2,2007,8183.814766087824,6917.8824265306785,9449.747105644969
msm_black_male,NS 2,2008,8425.011159238451,7336.1124888222,9513.909829654702
msm_black_male,NS 2,2009,8666.207552389074,7753.804133692699,9578.610971085449
msm_black_male,NS 2,2010,8907.403945539701,8170.57035484212,9644.237536237284
msm_black_male,NS 2,2011,9148.600338690327,8585.544799486019,9711.655877894635
msm_black_male,NS 2,2012,9389.796731840952,8996.34610216307,9783.247361518834
msm_black_male,NS 2,2013,9630.993124991577,9393.844830297954,9868.1414196852
msm_black_male,NS 2,2014,9857.062853364645,9712.344700901205,10001.781005828085
msm_black_male,NS 2,2015,9992.37259307237,9826.198825528769,10158.546360615972
msm_black_male,NS 2,2016,9949.944021643798,9783.770254100196,10116.1177891874
msm_black_male,NS 2,2017,9729.777139078928,9585.058986615488,9874.495291542367
msm_black_male,NS 2,2018,9418.850267848715,9181.701973155092,9655.998562542338
msm_black_male,NS 2,2019,9092.796731840943,8699.346102163061,9486.247361518825
msm_black_male,NS 2,2020,8766.743195833173,8203.687656628865,9329.79873503748
msm_black_male,NS 2,2021,8440.689659825402,7703.856069127821,9177.523250522983
msm_black_male,NS 2,2022,8114.636123817632,7202.232705121258,9027.039542514007
msm_black_male,NS 2,2023,7788.58258780986,6699.68391739361,8877.481258226111
msm_black_male,NS 2,2024,7462.529051802091,6196.596712244946,8728.461391359237
msm_black_male,NS 2,2025,7136.475515794321,5693.169200365791,8579.781831222852
msm_black_male,NS 2,2026,6810.42197978655,5189.513095890839,8431.33086368226
msm_black_male,NS 2,2027,6484.36844377878,4685.69611187808,8283.04077567948
msm_black_male,NS 2,2028,6158.314907771008,4181.761654474991,8134.868161067025
msm_black_male,NS 2,2029,5832.26137176324,3677.7388198733947,7986.783923653085
msm_black_male,NS 2,2030,5506.207835755469,3173.6478369546444,7838.7678345562945
msm_hisp_male,NS 2,2006,2838.878980960484,1391.6499281882348,4286.108033732733
msm_hisp_male,NS 2,2007,3337.263270318052,2067.8902750872517,4606.636265548852
msm_hisp_male,NS 2,2008,3835.6475596756195,2743.7893903419827,4927.505729009256
msm_hisp_male,NS 2,2009,4334.0318490331865,3419.1486248202714,5248.915073246102
msm_hisp_male,NS 2,2010,4832.416138390754,4093.579920384306,5571.252356397202
msm_hisp_male,NS 2,2011,5330.8004277483215,4766.214569604357,5895.386285892286
msm_hisp_male,NS 2,2012,5829.184717105888,5434.664734746979,6223.704699464797
msm_hisp_male,NS 2,2013,6327.5690064634555,6089.776170509499,6565.361842417412
msm_hisp_male,NS 2,2014,6809.829181341,6664.717701906761,6954.940660775238
msm_hisp_male,NS 2,2015,7195.344669338409,7028.719260977801,7361.970077699018
msm_hisp_male,NS 2,2016,7391.401812195551,7224.776403834943,7558.02722055616
msm_hisp_male,NS 2,2017,7398.000609912428,7252.88913047819,7543.112089346667
msm_hisp_male,NS 2,2018,7307.854720749168,7070.061884795212,7545.647556703125
msm_hisp_male,NS 2,2019,7201.584717105888,6807.0647347469785,7596.104699464797
msm_hisp_male,NS 2,2020,7095.314713462605,6530.728855318642,7659.9005716065685
msm_hisp_male,NS 2,2021,6989.0447098193245,6250.208491812878,7727.880927825771
msm_hisp_male,NS 2,2022,6882.774706176043,5967.891481963128,7797.6579303889575
msm_hisp_male,NS 2,2023,6776.50470253276,5684.646533199124,7868.362871866397
msm_hisp_male,NS 2,2024,6670.234698889479,5400.861703658678,7939.607694120279
msm_hisp_male,NS 2,2025,6563.964695246197,5116.735642473949,8011.193748018445
msm_hisp_male,NS 2,2026,6457.6946916029165,4832.380367405551,8083.009015800282
msm_hisp_male,NS 2,2027,6351.424687959634,4547.863775547621,8154.985600371647
msm_hisp_male,NS 2,2028,6245.1546843163505,4263.229391020461,8227.07997761224
msm_hisp_male,NS 2,2029,6138.884680673074,3978.5063890959314,8299.262972250217
msm_hisp_male,NS 2,2030,6032.614677029794,3693.7150536351123,8371.514300424475
msm_white_male,NS 2,2006,10071.439522864968,8398.840929687449,11744.038116042488
msm_white_male,NS 2,2007,9782.631954958237,8315.586028832338,11249.677881084135
msm_white_male,NS 2,2008,9493.824387051505,8231.936758083199,10755.712016019812
msm_white_male,NS 2,2009,9205.016819144772,8147.663533699742,10262.370104589801
msm_white_male,NS 2,2010,8916.20925123804,8062.3178672453105,9770.10063523077
msm_white_male,NS 2,2011,8627.401683331309,7974.8957719480295,9279.907594714588
msm_white_male,NS 2,2012,8338.594115424577,7882.637564379733,8794.550666469422
msm_white_male,NS 2,2013,8049.786547517846,7774.963455677336,8324.609639358356
msm_white_male,NS 2,2014,7758.459002280426,7590.750058149789,7926.167946411063
msm_white_male,NS 2,2015,7452.011593058874,7259.438466449978,7644.58471966777
msm_white_male,NS 2,2016,7115.954450201731,6923.381323592835,7308.527576810627
msm_white_male,NS 2,2017,6750.287573708997,6582.57862957836,6917.996517839634
msm_white_male,NS 2,2018,6369.500833232132,6094.677741391623,6644.323925072641
msm_white_male,NS 2,2019,5986.194115424577,5530.237564379732,6442.150666469422
msm_white_male,NS 2,2020,5602.8873976170235,4950.381486233744,6255.393309000303
msm_white_male,NS 2,2021,5219.580679809469,4365.689295816739,6073.472063802199
msm_white_male,NS 2,2022,4836.273962001914,3778.920676556885,5893.627247446942
msm_white_male,NS 2,2023,4452.96724419436,3191.0796152260536,5714.854873162667
msm_white_male,NS 2,2024,4069.660526386806,2602.6146002609075,5536.706452512704
msm_white_male,NS 2,2025,3686.3538085792525,2013.755215401734,5358.952401756771
msm_white_male,NS 2,2026,3303.0470907716963,1424.6309223591375,5181.463259184255
msm_white_male,NS 2,2027,2919.740372964143,835.3201914926858,5004.1605544356
msm_white_male,NS 2,2028,2536.4336551565893,245.87332471017862,4826.993985603
msm_white_male,NS 2,2029,2153.126937349034,1,4649.929834099498
msm_white_male,NS 2,2030,1769.8202195414797,1,4472.944657362597
