group,param,h1yy,pred
het_black_female,lambda1,2009,0.14634238370430808
het_black_female,lambda1,2010,0.17310511002377638
het_black_female,lambda1,2011,0.19986783634325178
het_black_female,lambda1,2012,0.22663056266272008
het_black_female,lambda1,2013,0.2533932889821884
het_black_female,lambda1,2014,0.2801560153016638
het_black_female,lambda1,2015,0.3069187416211321
het_black_female,lambda1,2016,0.3336814679406075
het_black_female,lambda1,2017,0.3604441942600758
het_black_female,lambda1,2018,0.3872069205795441
het_black_female,lambda1,2019,0.4139696468990195
het_black_female,lambda1,2020,0.4407323732184878
het_black_female,lambda1,2021,0.4674950995379632
het_black_female,lambda1,2022,0.4942578258574315
het_black_female,lambda1,2023,0.5210205521768998
het_black_female,lambda1,2024,0.5477832784963752
het_black_female,lambda1,2025,0.5745460048158435
het_black_female,lambda1,2026,0.6013087311353118
het_black_female,lambda1,2027,0.6280714574547872
het_black_female,lambda1,2028,0.6548341837742555
het_black_female,lambda1,2029,0.6815969100937309
het_black_female,lambda1,2030,0.7083596364131992
het_black_female,lambda2,2009,0.853657616295699
het_black_female,lambda2,2010,0.8268948899762307
het_black_female,lambda2,2011,0.8001321636567553
het_black_female,lambda2,2012,0.773369437337287
het_black_female,lambda2,2013,0.7466067110178187
het_black_female,lambda2,2014,0.7198439846983433
het_black_female,lambda2,2015,0.693081258378875
het_black_female,lambda2,2016,0.6663185320593996
het_black_female,lambda2,2017,0.6395558057399313
het_black_female,lambda2,2018,0.612793079420463
het_black_female,lambda2,2019,0.5860303531009876
het_black_female,lambda2,2020,0.5592676267815193
het_black_female,lambda2,2021,0.5325049004620439
het_black_female,lambda2,2022,0.5057421741425756
het_black_female,lambda2,2023,0.4789794478231073
het_black_female,lambda2,2024,0.4522167215036319
het_black_female,lambda2,2025,0.4254539951841636
het_black_female,lambda2,2026,0.3986912688646953
het_black_female,lambda2,2027,0.3719285425452199
het_black_female,lambda2,2028,0.3451658162257516
het_black_female,lambda2,2029,0.3184030899062762
het_black_female,lambda2,2030,0.2916403635868079
het_black_female,mu1,2009,25.444987912742363
het_black_female,mu1,2010,26.141265625208234
het_black_female,mu1,2011,26.837543337674106
het_black_female,mu1,2012,27.533821050139977
het_black_female,mu1,2013,28.23009876260585
het_black_female,mu1,2014,28.92637647507172
het_black_female,mu1,2015,29.62265418753759
het_black_female,mu1,2016,30.318931900003463
het_black_female,mu1,2017,31.01520961246956
het_black_female,mu1,2018,31.711487324935433
het_black_female,mu1,2019,32.407765037401305
het_black_female,mu1,2020,33.104042749867176
het_black_female,mu1,2021,33.80032046233305
het_black_female,mu1,2022,34.49659817479892
het_black_female,mu1,2023,35.19287588726479
het_black_female,mu1,2024,35.88915359973066
het_black_female,mu1,2025,36.58543131219653
het_black_female,mu1,2026,37.281709024662405
het_black_female,mu1,2027,37.977986737128276
het_black_female,mu1,2028,38.67426444959415
het_black_female,mu1,2029,39.37054216206002
het_black_female,mu1,2030,40.06681987452589
het_black_female,mu2,2009,42.45689122232329
het_black_female,mu2,2010,43.15358878394727
het_black_female,mu2,2011,43.85028634557125
het_black_female,mu2,2012,44.546983907195
het_black_female,mu2,2013,45.24368146881898
het_black_female,mu2,2014,45.940379030442955
het_black_female,mu2,2015,46.637076592066705
het_black_female,mu2,2016,47.33377415369068
het_black_female,mu2,2017,48.03047171531466
het_black_female,mu2,2018,48.72716927693841
het_black_female,mu2,2019,49.42386683856239
het_black_female,mu2,2020,50.12056440018637
het_black_female,mu2,2021,50.81726196181012
het_black_female,mu2,2022,51.513959523434096
het_black_female,mu2,2023,52.210657085058074
het_black_female,mu2,2024,52.90735464668205
het_black_female,mu2,2025,53.6040522083058
het_black_female,mu2,2026,54.30074976992978
het_black_female,mu2,2027,54.99744733155376
het_black_female,mu2,2028,55.69414489317751
het_black_female,mu2,2029,56.390842454801486
het_black_female,mu2,2030,57.087540016425464
het_black_female,sigma1,2009,3.6296377689477026
het_black_female,sigma1,2010,3.866930089697348
het_black_female,sigma1,2011,4.104222410446994
het_black_female,sigma1,2012,4.3415147311965825
het_black_female,sigma1,2013,4.578807051946228
het_black_female,sigma1,2014,4.816099372695874
het_black_female,sigma1,2015,5.053391693445519
het_black_female,sigma1,2016,5.290684014195108
het_black_female,sigma1,2017,5.5279763349447535
het_black_female,sigma1,2018,5.765268655694399
het_black_female,sigma1,2019,6.002560976443988
het_black_female,sigma1,2020,6.239853297193633
het_black_female,sigma1,2021,6.477145617943279
het_black_female,sigma1,2022,6.7144379386929245
het_black_female,sigma1,2023,6.951730259442513
het_black_female,sigma1,2024,7.189022580192159
het_black_female,sigma1,2025,7.426314900941804
het_black_female,sigma1,2026,7.663607221691393
het_black_female,sigma1,2027,7.900899542441039
het_black_female,sigma1,2028,8.138191863190684
het_black_female,sigma1,2029,8.375484183940273
het_black_female,sigma1,2030,8.612776504689919
het_black_female,sigma2,2009,10.033845010736968
het_black_female,sigma2,2010,9.851176696377934
het_black_female,sigma2,2011,9.6685083820189
het_black_female,sigma2,2012,9.485840067659865
het_black_female,sigma2,2013,9.30317175330083
het_black_female,sigma2,2014,9.120503438941796
het_black_female,sigma2,2015,8.937835124582705
het_black_female,sigma2,2016,8.75516681022367
het_black_female,sigma2,2017,8.572498495864636
het_black_female,sigma2,2018,8.389830181505602
het_black_female,sigma2,2019,8.207161867146567
het_black_female,sigma2,2020,8.024493552787533
het_black_female,sigma2,2021,7.841825238428498
het_black_female,sigma2,2022,7.659156924069464
het_black_female,sigma2,2023,7.4764886097104295
het_black_female,sigma2,2024,7.293820295351395
het_black_female,sigma2,2025,7.111151980992361
het_black_female,sigma2,2026,6.928483666633326
het_black_female,sigma2,2027,6.745815352274292
het_black_female,sigma2,2028,6.5631470379152574
het_black_female,sigma2,2029,6.380478723556166
het_black_female,sigma2,2030,6.197810409197132
idu_black_male,lambda1,2009,0.04683393442172701
idu_black_male,lambda1,2010,0.1087651802546361
idu_black_male,lambda1,2011,0.1706964260875452
idu_black_male,lambda1,2012,0.2326276719204401
idu_black_male,lambda1,2013,0.2945589177533492
idu_black_male,lambda1,2014,0.3564901635862583
idu_black_male,lambda1,2015,0.4184214094191674
idu_black_male,lambda1,2016,0.4803526552520623
idu_black_male,lambda1,2017,0.5422839010849714
idu_black_male,lambda1,2018,0.6042151469178805
idu_black_male,lambda1,2019,0.6661463927507896
idu_black_male,lambda1,2020,0.7280776385836845
idu_black_male,lambda1,2021,0.7900088844165936
idu_black_male,lambda1,2022,0.8519401302495027
idu_black_male,lambda1,2023,0.9138713760824118
idu_black_male,lambda1,2024,0.9758026219153209
idu_black_male,lambda1,2025,1.0377338677482157
idu_black_male,lambda1,2026,1.0996651135811248
idu_black_male,lambda1,2027,1.161596359414034
idu_black_male,lambda1,2028,1.223527605246943
idu_black_male,lambda1,2029,1.285458851079838
idu_black_male,lambda1,2030,1.347390096912747
idu_black_male,lambda2,2009,0.9531660655782872
idu_black_male,lambda2,2010,0.8912348197453781
idu_black_male,lambda2,2011,0.829303573912469
idu_black_male,lambda2,2012,0.7673723280795741
idu_black_male,lambda2,2013,0.705441082246665
idu_black_male,lambda2,2014,0.6435098364137559
idu_black_male,lambda2,2015,0.5815785905808468
idu_black_male,lambda2,2016,0.5196473447479519
idu_black_male,lambda2,2017,0.45771609891504283
idu_black_male,lambda2,2018,0.39578485308213374
idu_black_male,lambda2,2019,0.33385360724922464
idu_black_male,lambda2,2020,0.27192236141631554
idu_black_male,lambda2,2021,0.20999111558342065
idu_black_male,lambda2,2022,0.14805986975051155
idu_black_male,lambda2,2023,0.08612862391760245
idu_black_male,lambda2,2024,0.024197378084693355
idu_black_male,lambda2,2025,-0.03773386774820153
idu_black_male,lambda2,2026,-0.09966511358111063
idu_black_male,lambda2,2027,-0.16159635941401973
idu_black_male,lambda2,2028,-0.22352760524692883
idu_black_male,lambda2,2029,-0.2854588510798237
idu_black_male,lambda2,2030,-0.3473900969127328
idu_black_male,mu1,2009,33.41372563248069
idu_black_male,mu1,2010,32.59735077338337
idu_black_male,mu1,2011,31.780975914286046
idu_black_male,mu1,2012,30.964601055188723
idu_black_male,mu1,2013,30.1482261960914
idu_black_male,mu1,2014,29.331851336994077
idu_black_male,mu1,2015,28.515476477896755
idu_black_male,mu1,2016,27.699101618799432
idu_black_male,mu1,2017,26.88272675970211
idu_black_male,mu1,2018,26.066351900604786
idu_black_male,mu1,2019,25.249977041507464
idu_black_male,mu1,2020,24.43360218241014
idu_black_male,mu1,2021,23.617227323312818
idu_black_male,mu1,2022,22.800852464215495
idu_black_male,mu1,2023,21.984477605118173
idu_black_male,mu1,2024,21.16810274602085
idu_black_male,mu1,2025,20.351727886923527
idu_black_male,mu1,2026,19.535353027826204
idu_black_male,mu1,2027,18.71897816872888
idu_black_male,mu1,2028,17.90260330963156
idu_black_male,mu1,2029,17.086228450534236
idu_black_male,mu1,2030,16.269853591436913
idu_black_male,mu2,2009,54.05637483396356
idu_black_male,mu2,2010,53.890132701920265
idu_black_male,mu2,2011,53.72389056987697
idu_black_male,mu2,2012,53.55764843783362
idu_black_male,mu2,2013,53.391406305790326
idu_black_male,mu2,2014,53.22516417374703
idu_black_male,mu2,2015,53.05892204170374
idu_black_male,mu2,2016,52.89267990966039
idu_black_male,mu2,2017,52.72643777761709
idu_black_male,mu2,2018,52.5601956455738
idu_black_male,mu2,2019,52.393953513530505
idu_black_male,mu2,2020,52.227711381487154
idu_black_male,mu2,2021,52.06146924944386
idu_black_male,mu2,2022,51.895227117400566
idu_black_male,mu2,2023,51.72898498535727
idu_black_male,mu2,2024,51.56274285331398
idu_black_male,mu2,2025,51.39650072127063
idu_black_male,mu2,2026,51.23025858922733
idu_black_male,mu2,2027,51.06401645718404
idu_black_male,mu2,2028,50.897774325140745
idu_black_male,mu2,2029,50.731532193097394
idu_black_male,mu2,2030,50.5652900610541
idu_black_male,sigma1,2009,6.612449406619135
idu_black_male,sigma1,2010,6.3369706424840615
idu_black_male,sigma1,2011,6.061491878348875
idu_black_male,sigma1,2012,5.786013114213688
idu_black_male,sigma1,2013,5.510534350078615
idu_black_male,sigma1,2014,5.235055585943428
idu_black_male,sigma1,2015,4.959576821808355
idu_black_male,sigma1,2016,4.684098057673168
idu_black_male,sigma1,2017,4.408619293537981
idu_black_male,sigma1,2018,4.133140529402908
idu_black_male,sigma1,2019,3.8576617652677214
idu_black_male,sigma1,2020,3.5821830011325346
idu_black_male,sigma1,2021,3.3067042369974615
idu_black_male,sigma1,2022,3.0312254728622747
idu_black_male,sigma1,2023,2.7557467087272016
idu_black_male,sigma1,2024,2.480267944592015
idu_black_male,sigma1,2025,2.204789180456828
idu_black_male,sigma1,2026,1.929310416321755
idu_black_male,sigma1,2027,1.6538316521865681
idu_black_male,sigma1,2028,1.3783528880513813
idu_black_male,sigma1,2029,1.1028741239163082
idu_black_male,sigma1,2030,0.8273953597811214
idu_black_male,sigma2,2009,5.39130776528134
idu_black_male,sigma2,2010,5.817716047365707
idu_black_male,sigma2,2011,6.244124329450187
idu_black_male,sigma2,2012,6.670532611534554
idu_black_male,sigma2,2013,7.096940893619035
idu_black_male,sigma2,2014,7.523349175703402
idu_black_male,sigma2,2015,7.949757457787882
idu_black_male,sigma2,2016,8.376165739872363
idu_black_male,sigma2,2017,8.80257402195673
idu_black_male,sigma2,2018,9.22898230404121
idu_black_male,sigma2,2019,9.655390586125577
idu_black_male,sigma2,2020,10.081798868210058
idu_black_male,sigma2,2021,10.508207150294425
idu_black_male,sigma2,2022,10.934615432378905
idu_black_male,sigma2,2023,11.361023714463272
idu_black_male,sigma2,2024,11.787431996547753
idu_black_male,sigma2,2025,12.21384027863212
idu_black_male,sigma2,2026,12.6402485607166
idu_black_male,sigma2,2027,13.06665684280108
idu_black_male,sigma2,2028,13.493065124885447
idu_black_male,sigma2,2029,13.919473406969928
idu_black_male,sigma2,2030,14.345881689054295
idu_hisp_male,lambda1,2009,0.23710104843308955
idu_hisp_male,lambda1,2010,0.23779009225555825
idu_hisp_male,lambda1,2011,0.23847913607802718
idu_hisp_male,lambda1,2012,0.23916817990049588
idu_hisp_male,lambda1,2013,0.23985722372296459
idu_hisp_male,lambda1,2014,0.2405462675454335
idu_hisp_male,lambda1,2015,0.24123531136790222
idu_hisp_male,lambda1,2016,0.24192435519037114
idu_hisp_male,lambda1,2017,0.24261339901283985
idu_hisp_male,lambda1,2018,0.24330244283530855
idu_hisp_male,lambda1,2019,0.24399148665777748
idu_hisp_male,lambda1,2020,0.24468053048024618
idu_hisp_male,lambda1,2021,0.2453695743027151
idu_hisp_male,lambda1,2022,0.24605861812518381
idu_hisp_male,lambda1,2023,0.24674766194765274
idu_hisp_male,lambda1,2024,0.24743670577012145
idu_hisp_male,lambda1,2025,0.24812574959259015
idu_hisp_male,lambda1,2026,0.24881479341505908
idu_hisp_male,lambda1,2027,0.24950383723752778
idu_hisp_male,lambda1,2028,0.2501928810599967
idu_hisp_male,lambda1,2029,0.2508819248824654
idu_hisp_male,lambda1,2030,0.2515709687049341
idu_hisp_male,lambda2,2009,0.7628989515669111
idu_hisp_male,lambda2,2010,0.7622099077444422
idu_hisp_male,lambda2,2011,0.7615208639219735
idu_hisp_male,lambda2,2012,0.7608318200995046
idu_hisp_male,lambda2,2013,0.7601427762770356
idu_hisp_male,lambda2,2014,0.7594537324545667
idu_hisp_male,lambda2,2015,0.7587646886320978
idu_hisp_male,lambda2,2016,0.7580756448096289
idu_hisp_male,lambda2,2017,0.7573866009871599
idu_hisp_male,lambda2,2018,0.7566975571646912
idu_hisp_male,lambda2,2019,0.7560085133422223
idu_hisp_male,lambda2,2020,0.7553194695197534
idu_hisp_male,lambda2,2021,0.7546304256972844
idu_hisp_male,lambda2,2022,0.7539413818748155
idu_hisp_male,lambda2,2023,0.7532523380523466
idu_hisp_male,lambda2,2024,0.7525632942298777
idu_hisp_male,lambda2,2025,0.751874250407409
idu_hisp_male,lambda2,2026,0.75118520658494
idu_hisp_male,lambda2,2027,0.7504961627624711
idu_hisp_male,lambda2,2028,0.7498071189400022
idu_hisp_male,lambda2,2029,0.7491180751175333
idu_hisp_male,lambda2,2030,0.7484290312950643
idu_hisp_male,mu1,2009,30.967851263388184
idu_hisp_male,mu1,2010,30.476348704450174
idu_hisp_male,mu1,2011,29.984846145512165
idu_hisp_male,mu1,2012,29.493343586574156
idu_hisp_male,mu1,2013,29.00184102763626
idu_hisp_male,mu1,2014,28.51033846869825
idu_hisp_male,mu1,2015,28.01883590976024
idu_hisp_male,mu1,2016,27.527333350822232
idu_hisp_male,mu1,2017,27.035830791884223
idu_hisp_male,mu1,2018,26.544328232946214
idu_hisp_male,mu1,2019,26.052825674008204
idu_hisp_male,mu1,2020,25.56132311507031
idu_hisp_male,mu1,2021,25.0698205561323
idu_hisp_male,mu1,2022,24.57831799719429
idu_hisp_male,mu1,2023,24.08681543825628
idu_hisp_male,mu1,2024,23.59531287931827
idu_hisp_male,mu1,2025,23.103810320380262
idu_hisp_male,mu1,2026,22.612307761442366
idu_hisp_male,mu1,2027,22.120805202504357
idu_hisp_male,mu1,2028,21.629302643566348
idu_hisp_male,mu1,2029,21.13780008462834
idu_hisp_male,mu1,2030,20.64629752569033
idu_hisp_male,mu2,2009,49.51231573475593
idu_hisp_male,mu2,2010,48.9829011323543
idu_hisp_male,mu2,2011,48.45348652995267
idu_hisp_male,mu2,2012,47.92407192755104
idu_hisp_male,mu2,2013,47.39465732514964
idu_hisp_male,mu2,2014,46.86524272274801
idu_hisp_male,mu2,2015,46.33582812034638
idu_hisp_male,mu2,2016,45.806413517944975
idu_hisp_male,mu2,2017,45.276998915543345
idu_hisp_male,mu2,2018,44.747584313141715
idu_hisp_male,mu2,2019,44.218169710740085
idu_hisp_male,mu2,2020,43.68875510833868
idu_hisp_male,mu2,2021,43.15934050593705
idu_hisp_male,mu2,2022,42.62992590353542
idu_hisp_male,mu2,2023,42.10051130113402
idu_hisp_male,mu2,2024,41.57109669873239
idu_hisp_male,mu2,2025,41.04168209633076
idu_hisp_male,mu2,2026,40.51226749392936
idu_hisp_male,mu2,2027,39.98285289152773
idu_hisp_male,mu2,2028,39.4534382891261
idu_hisp_male,mu2,2029,38.92402368672447
idu_hisp_male,mu2,2030,38.394609084323065
idu_hisp_male,sigma1,2009,3.595062777298523
idu_hisp_male,sigma1,2010,3.6364612478108995
idu_hisp_male,sigma1,2011,3.677859718323276
idu_hisp_male,sigma1,2012,3.719258188835653
idu_hisp_male,sigma1,2013,3.7606566593480295
idu_hisp_male,sigma1,2014,3.802055129860406
idu_hisp_male,sigma1,2015,3.843453600372783
idu_hisp_male,sigma1,2016,3.8848520708851595
idu_hisp_male,sigma1,2017,3.926250541397536
idu_hisp_male,sigma1,2018,3.967649011909913
idu_hisp_male,sigma1,2019,4.0090474824222895
idu_hisp_male,sigma1,2020,4.050445952934666
idu_hisp_male,sigma1,2021,4.091844423447043
idu_hisp_male,sigma1,2022,4.1332428939594195
idu_hisp_male,sigma1,2023,4.174641364471796
idu_hisp_male,sigma1,2024,4.216039834984173
idu_hisp_male,sigma1,2025,4.2574383054965494
idu_hisp_male,sigma1,2026,4.298836776008926
idu_hisp_male,sigma1,2027,4.340235246521303
idu_hisp_male,sigma1,2028,4.381633717033679
idu_hisp_male,sigma1,2029,4.423032187546056
idu_hisp_male,sigma1,2030,4.464430658058433
idu_hisp_male,sigma2,2009,7.115150624182206
idu_hisp_male,sigma2,2010,7.468876142698946
idu_hisp_male,sigma2,2011,7.822601661215799
idu_hisp_male,sigma2,2012,8.176327179732539
idu_hisp_male,sigma2,2013,8.530052698249278
idu_hisp_male,sigma2,2014,8.883778216766132
idu_hisp_male,sigma2,2015,9.237503735282871
idu_hisp_male,sigma2,2016,9.5912292537996109
idu_hisp_male,sigma2,2017,9.944954772316464
idu_hisp_male,sigma2,2018,10.298680290833204
idu_hisp_male,sigma2,2019,10.652405809349943
idu_hisp_male,sigma2,2020,11.006131327866797
idu_hisp_male,sigma2,2021,11.359856846383536
idu_hisp_male,sigma2,2022,11.71358236490039
idu_hisp_male,sigma2,2023,12.06730788341713
idu_hisp_male,sigma2,2024,12.421033401933869
idu_hisp_male,sigma2,2025,12.774758920450722
idu_hisp_male,sigma2,2026,13.128484438967462
idu_hisp_male,sigma2,2027,13.482209957484201
idu_hisp_male,sigma2,2028,13.835935476001055
idu_hisp_male,sigma2,2029,14.189660994517794
idu_hisp_male,sigma2,2030,14.543386513034534
idu_black_female,lambda1,2009,0.0366434410282892
idu_black_female,lambda1,2010,0.08812800111368801
idu_black_female,lambda1,2011,0.13961256119907262
idu_black_female,lambda1,2012,0.19109712128447143
idu_black_female,lambda1,2013,0.24258168136987024
idu_black_female,lambda1,2014,0.29406624145526905
idu_black_female,lambda1,2015,0.34555080154066786
idu_black_female,lambda1,2016,0.3970353616260667
idu_black_female,lambda1,2017,0.4485199217114655
idu_black_female,lambda1,2018,0.5000044817968643
idu_black_female,lambda1,2019,0.5514890418822489
idu_black_female,lambda1,2020,0.6029736019676477
idu_black_female,lambda1,2021,0.6544581620530465
idu_black_female,lambda1,2022,0.7059427221384453
idu_black_female,lambda1,2023,0.7574272822238441
idu_black_female,lambda1,2024,0.808911842309243
idu_black_female,lambda1,2025,0.8603964023946418
idu_black_female,lambda1,2026,0.9118809624800406
idu_black_female,lambda1,2027,0.9633655225654394
idu_black_female,lambda1,2028,1.014850082650824
idu_black_female,lambda1,2029,1.0663346427362228
idu_black_female,lambda1,2030,1.1178192028216216
idu_black_female,lambda2,2009,0.963356558971725
idu_black_female,lambda2,2010,0.9118719988863404
idu_black_female,lambda2,2011,0.8603874388009416
idu_black_female,lambda2,2012,0.8089028787155428
idu_black_female,lambda2,2013,0.757418318630144
idu_black_female,lambda2,2014,0.7059337585447452
idu_black_female,lambda2,2015,0.6544491984593463
idu_black_female,lambda2,2016,0.6029646383739475
idu_black_female,lambda2,2017,0.5514800782885487
idu_black_female,lambda2,2018,0.4999955182031641
idu_black_female,lambda2,2019,0.4485109581177653
idu_black_female,lambda2,2020,0.3970263980323665
idu_black_female,lambda2,2021,0.3455418379469677
idu_black_female,lambda2,2022,0.2940572778615689
idu_black_female,lambda2,2023,0.24257271777617007
idu_black_female,lambda2,2024,0.19108815769077125
idu_black_female,lambda2,2025,0.13960359760537244
idu_black_female,lambda2,2026,0.08811903751997363
idu_black_female,lambda2,2027,0.03663447743458903
idu_black_female,lambda2,2028,-0.014850082650809782
idu_black_female,lambda2,2029,-0.0663346427362086
idu_black_female,lambda2,2030,-0.1178192028216074
idu_black_female,mu1,2009,34.49225541681517
idu_black_female,mu1,2010,33.645709881739094
idu_black_female,mu1,2011,32.79916434666302
idu_black_female,mu1,2012,31.952618811586717
idu_black_female,mu1,2013,31.106073276510642
idu_black_female,mu1,2014,30.25952774143434
idu_black_female,mu1,2015,29.412982206358265
idu_black_female,mu1,2016,28.566436671281963
idu_black_female,mu1,2017,27.719891136205888
idu_black_female,mu1,2018,26.873345601129813
idu_black_female,mu1,2019,26.02680006605351
idu_black_female,mu1,2020,25.180254530977436
idu_black_female,mu1,2021,24.333708995901134
idu_black_female,mu1,2022,23.48716346082506
idu_black_female,mu1,2023,22.640617925748984
idu_black_female,mu1,2024,21.79407239067268
idu_black_female,mu1,2025,20.947526855596607
idu_black_female,mu1,2026,20.100981320520305
idu_black_female,mu1,2027,19.25443578544423
idu_black_female,mu1,2028,18.407890250367927
idu_black_female,mu1,2029,17.561344715291852
idu_black_female,mu1,2030,16.714799180215778
idu_black_female,mu2,2009,48.55142303892171
idu_black_female,mu2,2010,49.73725942232704
idu_black_female,mu2,2011,50.92309580573283
idu_black_female,mu2,2012,52.10893218913816
idu_black_female,mu2,2013,53.29476857254349
idu_black_female,mu2,2014,54.48060495594882
idu_black_female,mu2,2015,55.666441339354606
idu_black_female,mu2,2016,56.852277722759936
idu_black_female,mu2,2017,58.03811410616527
idu_black_female,mu2,2018,59.22395048957105
idu_black_female,mu2,2019,60.40978687297638
idu_black_female,mu2,2020,61.595623256381714
idu_black_female,mu2,2021,62.7814596397875
idu_black_female,mu2,2022,63.96729602319283
idu_black_female,mu2,2023,65.15313240659816
idu_black_female,mu2,2024,66.33896879000395
idu_black_female,mu2,2025,67.52480517340928
idu_black_female,mu2,2026,68.71064155681461
idu_black_female,mu2,2027,69.8964779402204
idu_black_female,mu2,2028,71.08231432362572
idu_black_female,mu2,2029,72.26815070703105
idu_black_female,mu2,2030,73.45398709043639
idu_black_female,sigma1,2009,0.8208226084336729
idu_black_female,sigma1,2010,1.70054331574147
idu_black_female,sigma1,2011,2.5802640230494944
idu_black_female,sigma1,2012,3.4599847303572915
idu_black_female,sigma1,2013,4.3397054376650885
idu_black_female,sigma1,2014,5.219426144972886
idu_black_female,sigma1,2015,6.099146852280683
idu_black_female,sigma1,2016,6.97886755958848
idu_black_female,sigma1,2017,7.858588266896277
idu_black_female,sigma1,2018,8.738308974204074
idu_black_female,sigma1,2019,9.61802968151187
idu_black_female,sigma1,2020,10.497750388819668
idu_black_female,sigma1,2021,11.377471096127465
idu_black_female,sigma1,2022,12.25719180343549
idu_black_female,sigma1,2023,13.136912510743286
idu_black_female,sigma1,2024,14.016633218051084
idu_black_female,sigma1,2025,14.89635392535888
idu_black_female,sigma1,2026,15.776074632666678
idu_black_female,sigma1,2027,16.655795339974475
idu_black_female,sigma1,2028,17.53551604728227
idu_black_female,sigma1,2029,18.41523675459007
idu_black_female,sigma1,2030,19.294957461897866
idu_black_female,sigma2,2009,6.790624834292885
idu_black_female,sigma2,2010,6.935681991986485
idu_black_female,sigma2,2011,7.0807391496801415
idu_black_female,sigma2,2012,7.225796307373798
idu_black_female,sigma2,2013,7.370853465067398
idu_black_female,sigma2,2014,7.515910622761055
idu_black_female,sigma2,2015,7.660967780454655
idu_black_female,sigma2,2016,7.806024938148312
idu_black_female,sigma2,2017,7.951082095841969
idu_black_female,sigma2,2018,8.096139253535569
idu_black_female,sigma2,2019,8.241196411229225
idu_black_female,sigma2,2020,8.386253568922825
idu_black_female,sigma2,2021,8.531310726616482
idu_black_female,sigma2,2022,8.676367884310082
idu_black_female,sigma2,2023,8.821425042003739
idu_black_female,sigma2,2024,8.966482199697396
idu_black_female,sigma2,2025,9.111539357390996
idu_black_female,sigma2,2026,9.256596515084652
idu_black_female,sigma2,2027,9.401653672778252
idu_black_female,sigma2,2028,9.546710830471909
idu_black_female,sigma2,2029,9.691767988165566
idu_black_female,sigma2,2030,9.836825145859166
msm_black_male,lambda1,2009,0.40044959865092267
msm_black_male,lambda1,2010,0.4366543373708538
msm_black_male,lambda1,2011,0.4728590760907707
msm_black_male,lambda1,2012,0.5090638148106876
msm_black_male,lambda1,2013,0.5452685535306045
msm_black_male,lambda1,2014,0.5814732922505215
msm_black_male,lambda1,2015,0.6176780309704384
msm_black_male,lambda1,2016,0.6538827696903553
msm_black_male,lambda1,2017,0.6900875084102722
msm_black_male,lambda1,2018,0.7262922471301891
msm_black_male,lambda1,2019,0.7624969858501203
msm_black_male,lambda1,2020,0.7987017245700372
msm_black_male,lambda1,2021,0.8349064632899541
msm_black_male,lambda1,2022,0.871111202009871
msm_black_male,lambda1,2023,0.9073159407297879
msm_black_male,lambda1,2024,0.9435206794497049
msm_black_male,lambda1,2025,0.9797254181696218
msm_black_male,lambda1,2026,1.0159301568895387
msm_black_male,lambda1,2027,1.0521348956094698
msm_black_male,lambda1,2028,1.0883396343293867
msm_black_male,lambda1,2029,1.1245443730493037
msm_black_male,lambda1,2030,1.1607491117692206
msm_black_male,lambda2,2009,0.5995504013490915
msm_black_male,lambda2,2010,0.5633456626291604
msm_black_male,lambda2,2011,0.5271409239092435
msm_black_male,lambda2,2012,0.4909361851893266
msm_black_male,lambda2,2013,0.45473144646940966
msm_black_male,lambda2,2014,0.41852670774949274
msm_black_male,lambda2,2015,0.3823219690295758
msm_black_male,lambda2,2016,0.3461172303096589
msm_black_male,lambda2,2017,0.309912491589742
msm_black_male,lambda2,2018,0.27370775286982507
msm_black_male,lambda2,2019,0.23750301414989394
msm_black_male,lambda2,2020,0.20129827542997702
msm_black_male,lambda2,2021,0.1650935367100601
msm_black_male,lambda2,2022,0.1288887979901432
msm_black_male,lambda2,2023,0.09268405927022627
msm_black_male,lambda2,2024,0.05647932055030935
msm_black_male,lambda2,2025,0.020274581830392435
msm_black_male,lambda2,2026,-0.015930156889524483
msm_black_male,lambda2,2027,-0.05213489560945561
msm_black_male,lambda2,2028,-0.08833963432937253
msm_black_male,lambda2,2029,-0.12454437304928945
msm_black_male,lambda2,2030,-0.16074911176920637
msm_black_male,mu1,2009,24.44443737049221
msm_black_male,mu1,2010,24.745037060887398
msm_black_male,mu1,2011,25.045636751282586
msm_black_male,mu1,2012,25.346236441677775
msm_black_male,mu1,2013,25.646836132072963
msm_black_male,mu1,2014,25.94743582246815
msm_black_male,mu1,2015,26.248035512863453
msm_black_male,mu1,2016,26.54863520325864
msm_black_male,mu1,2017,26.84923489365383
msm_black_male,mu1,2018,27.149834584049017
msm_black_male,mu1,2019,27.450434274444206
msm_black_male,mu1,2020,27.751033964839394
msm_black_male,mu1,2021,28.051633655234696
msm_black_male,mu1,2022,28.352233345629884
msm_black_male,mu1,2023,28.652833036025072
msm_black_male,mu1,2024,28.95343272642026
msm_black_male,mu1,2025,29.25403241681545
msm_black_male,mu1,2026,29.554632107210637
msm_black_male,mu1,2027,29.85523179760594
msm_black_male,mu1,2028,30.155831488001127
msm_black_male,mu1,2029,30.456431178396315
msm_black_male,mu1,2030,30.757030868791503
msm_black_male,mu2,2009,40.446245546978616
msm_black_male,mu2,2010,40.95207991673112
msm_black_male,mu2,2011,41.45791428648363
msm_black_male,mu2,2012,41.96374865623625
msm_black_male,mu2,2013,42.469583025988754
msm_black_male,mu2,2014,42.97541739574126
msm_black_male,mu2,2015,43.48125176549377
msm_black_male,mu2,2016,43.98708613524627
msm_black_male,mu2,2017,44.49292050499878
msm_black_male,mu2,2018,44.998754874751285
msm_black_male,mu2,2019,45.504589244503904
msm_black_male,mu2,2020,46.01042361425641
msm_black_male,mu2,2021,46.51625798400892
msm_black_male,mu2,2022,47.02209235376142
msm_black_male,mu2,2023,47.52792672351393
msm_black_male,mu2,2024,48.033761093266435
msm_black_male,mu2,2025,48.539595463019054
msm_black_male,mu2,2026,49.04542983277145
msm_black_male,mu2,2027,49.55126420252407
msm_black_male,mu2,2028,50.05709857227646
msm_black_male,mu2,2029,50.56293294202908
msm_black_male,mu2,2030,51.0687673117817
msm_black_male,sigma1,2009,3.315430799932102
msm_black_male,sigma1,2010,3.4227955623876767
msm_black_male,sigma1,2011,3.53016032484328
msm_black_male,sigma1,2012,3.637525087298883
msm_black_male,sigma1,2013,3.7448898497544576
msm_black_male,sigma1,2014,3.8522546122100607
msm_black_male,sigma1,2015,3.959619374665664
msm_black_male,sigma1,2016,4.0669841371212385
msm_black_male,sigma1,2017,4.174348899576842
msm_black_male,sigma1,2018,4.281713662032416
msm_black_male,sigma1,2019,4.389078424488019
msm_black_male,sigma1,2020,4.4964431869436225
msm_black_male,sigma1,2021,4.603807949399197
msm_black_male,sigma1,2022,4.7111727118548
msm_black_male,sigma1,2023,4.818537474310375
msm_black_male,sigma1,2024,4.925902236765978
msm_black_male,sigma1,2025,5.033266999221581
msm_black_male,sigma1,2026,5.140631761677156
msm_black_male,sigma1,2027,5.247996524132759
msm_black_male,sigma1,2028,5.355361286588362
msm_black_male,sigma1,2029,5.462726049043937
msm_black_male,sigma1,2030,5.57009081149954
msm_black_male,sigma2,2009,9.045111385882507
msm_black_male,sigma2,2010,9.1597768858149209
msm_black_male,sigma2,2011,9.274442385747335
msm_black_male,sigma2,2012,9.38910788567975
msm_black_male,sigma2,2013,9.503773385612163
msm_black_male,sigma2,2014,9.618438885544577
msm_black_male,sigma2,2015,9.733104385476992
msm_black_male,sigma2,2016,9.847769885409406
msm_black_male,sigma2,2017,9.96243538534182
msm_black_male,sigma2,2018,10.077100885274234
msm_black_male,sigma2,2019,10.191766385206648
msm_black_male,sigma2,2020,10.306431885139062
msm_black_male,sigma2,2021,10.421097385071505
msm_black_male,sigma2,2022,10.535762885003919
msm_black_male,sigma2,2023,10.650428384936333
msm_black_male,sigma2,2024,10.765093884868747
msm_black_male,sigma2,2025,10.879759384801162
msm_black_male,sigma2,2026,10.994424884733576
msm_black_male,sigma2,2027,11.10909038466599
msm_black_male,sigma2,2028,11.223755884598404
msm_black_male,sigma2,2029,11.338421384530818
msm_black_male,sigma2,2030,11.453086884463232
het_black_male,lambda1,2009,0.06956485273798307
het_black_male,lambda1,2010,0.10246409941653667
het_black_male,lambda1,2011,0.13536334609509026
het_black_male,lambda1,2012,0.16826259277365807
het_black_male,lambda1,2013,0.20116183945221167
het_black_male,lambda1,2014,0.23406108613076526
het_black_male,lambda1,2015,0.26696033280931886
het_black_male,lambda1,2016,0.29985957948787245
het_black_male,lambda1,2017,0.33275882616644026
het_black_male,lambda1,2018,0.36565807284499385
het_black_male,lambda1,2019,0.39855731952354745
het_black_male,lambda1,2020,0.43145656620210104
het_black_male,lambda1,2021,0.46435581288066885
het_black_male,lambda1,2022,0.49725505955922245
het_black_male,lambda1,2023,0.530154306237776
het_black_male,lambda1,2024,0.5630535529163296
het_black_male,lambda1,2025,0.5959527995948974
het_black_male,lambda1,2026,0.628852046273451
het_black_male,lambda1,2027,0.6617512929520046
het_black_male,lambda1,2028,0.6946505396305582
het_black_male,lambda1,2029,0.727549786309126
het_black_male,lambda1,2030,0.7604490329876796
het_black_male,lambda2,2009,0.9304351472620027
het_black_male,lambda2,2010,0.8975359005834491
het_black_male,lambda2,2011,0.8646366539048955
het_black_male,lambda2,2012,0.8317374072263277
het_black_male,lambda2,2013,0.7988381605477741
het_black_male,lambda2,2014,0.7659389138692205
het_black_male,lambda2,2015,0.7330396671906669
het_black_male,lambda2,2016,0.7001404205120991
het_black_male,lambda2,2017,0.6672411738335455
het_black_male,lambda2,2018,0.6343419271549919
het_black_male,lambda2,2019,0.6014426804764383
het_black_male,lambda2,2020,0.5685434337978847
het_black_male,lambda2,2021,0.5356441871193169
het_black_male,lambda2,2022,0.5027449404407633
het_black_male,lambda2,2023,0.46984569376220975
het_black_male,lambda2,2024,0.43694644708365615
het_black_male,lambda2,2025,0.40404720040508835
het_black_male,lambda2,2026,0.37114795372653475
het_black_male,lambda2,2027,0.33824870704798116
het_black_male,lambda2,2028,0.30534946036942756
het_black_male,lambda2,2029,0.27245021369085975
het_black_male,lambda2,2030,0.23955096701230616
het_black_male,mu1,2009,27.076864582364237
het_black_male,mu1,2010,27.32377763298831
het_black_male,mu1,2011,27.570690683612384
het_black_male,mu1,2012,27.817603734236513
het_black_male,mu1,2013,28.064516784860587
het_black_male,mu1,2014,28.31142983548466
het_black_male,mu1,2015,28.55834288610879
het_black_male,mu1,2016,28.805255936732863
het_black_male,mu1,2017,29.052168987356936
het_black_male,mu1,2018,29.299082037981066
het_black_male,mu1,2019,29.54599508860514
het_black_male,mu1,2020,29.792908139229212
het_black_male,mu1,2021,30.039821189853342
het_black_male,mu1,2022,30.286734240477415
het_black_male,mu1,2023,30.533647291101488
het_black_male,mu1,2024,30.78056034172556
het_black_male,mu1,2025,31.02747339234969
het_black_male,mu1,2026,31.274386442973764
het_black_male,mu1,2027,31.521299493597837
het_black_male,mu1,2028,31.768212544221967
het_black_male,mu1,2029,32.01512559484604
het_black_male,mu1,2030,32.26203864547011
het_black_male,mu2,2009,45.10361757312933
het_black_male,mu2,2010,45.609627861765944
het_black_male,mu2,2011,46.11563815040256
het_black_male,mu2,2012,46.62164843903918
het_black_male,mu2,2013,47.127658727675794
het_black_male,mu2,2014,47.63366901631241
het_black_male,mu2,2015,48.13967930494903
het_black_male,mu2,2016,48.645689593585644
het_black_male,mu2,2017,49.15169988222226
het_black_male,mu2,2018,49.65771017085888
het_black_male,mu2,2019,50.163720459495494
het_black_male,mu2,2020,50.66973074813211
het_black_male,mu2,2021,51.17574103676873
het_black_male,mu2,2022,51.681751325405344
het_black_male,mu2,2023,52.18776161404196
het_black_male,mu2,2024,52.69377190267858
het_black_male,mu2,2025,53.199782191315194
het_black_male,mu2,2026,53.70579247995181
het_black_male,mu2,2027,54.21180276858843
het_black_male,mu2,2028,54.717813057225044
het_black_male,mu2,2029,55.22382334586166
het_black_male,mu2,2030,55.72983363449828
het_black_male,sigma1,2009,3.3791796489895205
het_black_male,sigma1,2010,3.6425124152135595
het_black_male,sigma1,2011,3.9058451814375985
het_black_male,sigma1,2012,4.1691779476616375
het_black_male,sigma1,2013,4.4325107138856765
het_black_male,sigma1,2014,4.695843480109602
het_black_male,sigma1,2015,4.959176246333641
het_black_male,sigma1,2016,5.22250901255768
het_black_male,sigma1,2017,5.485841778781719
het_black_male,sigma1,2018,5.749174545005758
het_black_male,sigma1,2019,6.012507311229797
het_black_male,sigma1,2020,6.275840077453836
het_black_male,sigma1,2021,6.539172843677875
het_black_male,sigma1,2022,6.802505609901914
het_black_male,sigma1,2023,7.065838376125953
het_black_male,sigma1,2024,7.329171142349878
het_black_male,sigma1,2025,7.592503908573917
het_black_male,sigma1,2026,7.855836674797956
het_black_male,sigma1,2027,8.119169441021995
het_black_male,sigma1,2028,8.382502207246034
het_black_male,sigma1,2029,8.645834973470073
het_black_male,sigma1,2030,8.909167739694112
het_black_male,sigma2,2009,9.344727947076393
het_black_male,sigma2,2010,9.290081956942998
het_black_male,sigma2,2011,9.235435966809604
het_black_male,sigma2,2012,9.180789976676195
het_black_male,sigma2,2013,9.1261439865428
het_black_male,sigma2,2014,9.071497996409406
het_black_male,sigma2,2015,9.016852006276011
het_black_male,sigma2,2016,8.962206016142616
het_black_male,sigma2,2017,8.907560026009222
het_black_male,sigma2,2018,8.852914035875813
het_black_male,sigma2,2019,8.798268045742418
het_black_male,sigma2,2020,8.743622055609023
het_black_male,sigma2,2021,8.688976065475629
het_black_male,sigma2,2022,8.634330075342234
het_black_male,sigma2,2023,8.579684085208825
het_black_male,sigma2,2024,8.52503809507543
het_black_male,sigma2,2025,8.470392104942036
het_black_male,sigma2,2026,8.415746114808641
het_black_male,sigma2,2027,8.361100124675247
het_black_male,sigma2,2028,8.306454134541852
het_black_male,sigma2,2029,8.251808144408443
het_black_male,sigma2,2030,8.197162154275048
idu_white_male,lambda1,2009,0.06362042909452725
idu_white_male,lambda1,2010,0.11276036943961287
idu_white_male,lambda1,2011,0.1619003097846985
idu_white_male,lambda1,2012,0.2110402501297841
idu_white_male,lambda1,2013,0.26018019047486973
idu_white_male,lambda1,2014,0.30932013081995535
idu_white_male,lambda1,2015,0.35846007116504097
idu_white_male,lambda1,2016,0.4076000115101266
idu_white_male,lambda1,2017,0.4567399518552122
idu_white_male,lambda1,2018,0.5058798922002978
idu_white_male,lambda1,2019,0.5550198325453835
idu_white_male,lambda1,2020,0.6041597728904691
idu_white_male,lambda1,2021,0.6532997132355547
idu_white_male,lambda1,2022,0.7024396535806403
idu_white_male,lambda1,2023,0.7515795939257259
idu_white_male,lambda1,2024,0.8007195342708258
idu_white_male,lambda1,2025,0.8498594746159114
idu_white_male,lambda1,2026,0.898999414960997
idu_white_male,lambda1,2027,0.9481393553060826
idu_white_male,lambda1,2028,0.9972792956511682
idu_white_male,lambda1,2029,1.0464192359962539
idu_white_male,lambda1,2030,1.0955591763413395
idu_white_male,lambda2,2009,0.9363795709054727
idu_white_male,lambda2,2010,0.8872396305603871
idu_white_male,lambda2,2011,0.8380996902153015
idu_white_male,lambda2,2012,0.7889597498702159
idu_white_male,lambda2,2013,0.7398198095251303
idu_white_male,lambda2,2014,0.6906798691800446
idu_white_male,lambda2,2015,0.641539928834959
idu_white_male,lambda2,2016,0.5923999884898734
idu_white_male,lambda2,2017,0.5432600481447878
idu_white_male,lambda2,2018,0.49412010779970217
idu_white_male,lambda2,2019,0.44498016745461655
idu_white_male,lambda2,2020,0.39584022710953093
idu_white_male,lambda2,2021,0.3467002867644453
idu_white_male,lambda2,2022,0.2975603464193597
idu_white_male,lambda2,2023,0.24842040607427407
idu_white_male,lambda2,2024,0.19928046572918845
idu_white_male,lambda2,2025,0.15014052538408862
idu_white_male,lambda2,2026,0.101000585039003
idu_white_male,lambda2,2027,0.05186064469391738
idu_white_male,lambda2,2028,0.0027207043488317595
idu_white_male,lambda2,2029,-0.04641923599625386
idu_white_male,lambda2,2030,-0.09555917634133948
idu_white_male,mu1,2009,28.716574687022273
idu_white_male,mu1,2010,28.864743491800255
idu_white_male,mu1,2011,29.01291229657818
idu_white_male,mu1,2012,29.161081101356103
idu_white_male,mu1,2013,29.309249906134028
idu_white_male,mu1,2014,29.457418710911952
idu_white_male,mu1,2015,29.605587515689933
idu_white_male,mu1,2016,29.753756320467858
idu_white_male,mu1,2017,29.901925125245782
idu_white_male,mu1,2018,30.050093930023706
idu_white_male,mu1,2019,30.19826273480163
idu_white_male,mu1,2020,30.346431539579555
idu_white_male,mu1,2021,30.494600344357536
idu_white_male,mu1,2022,30.64276914913546
idu_white_male,mu1,2023,30.790937953913385
idu_white_male,mu1,2024,30.93910675869131
idu_white_male,mu1,2025,31.087275563469234
idu_white_male,mu1,2026,31.235444368247215
idu_white_male,mu1,2027,31.38361317302514
idu_white_male,mu1,2028,31.531781977803064
idu_white_male,mu1,2029,31.67995078258099
idu_white_male,mu1,2030,31.828119587358913
idu_white_male,mu2,2009,45.20587774647311
idu_white_male,mu2,2010,46.03694381242053
idu_white_male,mu2,2011,46.868009878368184
idu_white_male,mu2,2012,47.69907594431561
idu_white_male,mu2,2013,48.530142010263035
idu_white_male,mu2,2014,49.36120807621069
idu_white_male,mu2,2015,50.19227414215811
idu_white_male,mu2,2016,51.02334020810554
idu_white_male,mu2,2017,51.85440627405319
idu_white_male,mu2,2018,52.685472340000615
idu_white_male,mu2,2019,53.51653840594804
idu_white_male,mu2,2020,54.34760447189569
idu_white_male,mu2,2021,55.17867053784312
idu_white_male,mu2,2022,56.00973660379054
idu_white_male,mu2,2023,56.840802669738196
idu_white_male,mu2,2024,57.67186873568562
idu_white_male,mu2,2025,58.502934801633046
idu_white_male,mu2,2026,59.3340008675807
idu_white_male,mu2,2027,60.165066933528124
idu_white_male,mu2,2028,60.99613299947555
idu_white_male,mu2,2029,61.8271990654232
idu_white_male,mu2,2030,62.65826513137063
idu_white_male,sigma1,2009,2.3332323297094035
idu_white_male,sigma1,2010,2.684870748959952
idu_white_male,sigma1,2011,3.0365091682105003
idu_white_male,sigma1,2012,3.3881475874610487
idu_white_male,sigma1,2013,3.739786006711597
idu_white_male,sigma1,2014,4.0914244259621455
idu_white_male,sigma1,2015,4.443062845212694
idu_white_male,sigma1,2016,4.794701264463356
idu_white_male,sigma1,2017,5.146339683713904
idu_white_male,sigma1,2018,5.497978102964453
idu_white_male,sigma1,2019,5.849616522215001
idu_white_male,sigma1,2020,6.20125494146555
idu_white_male,sigma1,2021,6.552893360716098
idu_white_male,sigma1,2022,6.904531779966646
idu_white_male,sigma1,2023,7.256170199217195
idu_white_male,sigma1,2024,7.607808618467857
idu_white_male,sigma1,2025,7.959447037718405
idu_white_male,sigma1,2026,8.311085456968954
idu_white_male,sigma1,2027,8.662723876219502
idu_white_male,sigma1,2028,9.01436229547005
idu_white_male,sigma1,2029,9.366000714720599
idu_white_male,sigma1,2030,9.717639133971147
idu_white_male,sigma2,2009,9.338467234146833
idu_white_male,sigma2,2010,9.203335485517528
idu_white_male,sigma2,2011,9.068203736888279
idu_white_male,sigma2,2012,8.93307198825903
idu_white_male,sigma2,2013,8.797940239629781
idu_white_male,sigma2,2014,8.662808491000533
idu_white_male,sigma2,2015,8.527676742371284
idu_white_male,sigma2,2016,8.392544993742035
idu_white_male,sigma2,2017,8.25741324511273
idu_white_male,sigma2,2018,8.122281496483481
idu_white_male,sigma2,2019,7.987149747854232
idu_white_male,sigma2,2020,7.852017999224984
idu_white_male,sigma2,2021,7.716886250595735
idu_white_male,sigma2,2022,7.581754501966486
idu_white_male,sigma2,2023,7.4466227533372376
idu_white_male,sigma2,2024,7.311491004707932
idu_white_male,sigma2,2025,7.176359256078683
idu_white_male,sigma2,2026,7.041227507449435
idu_white_male,sigma2,2027,6.906095758820186
idu_white_male,sigma2,2028,6.770964010190937
idu_white_male,sigma2,2029,6.6358322615616885
idu_white_male,sigma2,2030,6.50070051293244
het_hisp_female,lambda1,2009,0.527811518937682
het_hisp_female,lambda1,2010,0.5197771700411415
het_hisp_female,lambda1,2011,0.5117428211445976
het_hisp_female,lambda1,2012,0.5037084722480571
het_hisp_female,lambda1,2013,0.4956741233515132
het_hisp_female,lambda1,2014,0.48763977445497275
het_hisp_female,lambda1,2015,0.4796054255584288
het_hisp_female,lambda1,2016,0.47157107666188836
het_hisp_female,lambda1,2017,0.46353672776534793
het_hisp_female,lambda1,2018,0.45550237886880396
het_hisp_female,lambda1,2019,0.44746802997226354
het_hisp_female,lambda1,2020,0.43943368107571956
het_hisp_female,lambda1,2021,0.43139933217917914
het_hisp_female,lambda1,2022,0.42336498328263517
het_hisp_female,lambda1,2023,0.41533063438609474
het_hisp_female,lambda1,2024,0.4072962854895543
het_hisp_female,lambda1,2025,0.39926193659301035
het_hisp_female,lambda1,2026,0.3912275876964699
het_hisp_female,lambda1,2027,0.38319323879992595
het_hisp_female,lambda1,2028,0.37515888990338553
het_hisp_female,lambda1,2029,0.36712454100684155
het_hisp_female,lambda1,2030,0.35909019211030113
het_hisp_female,lambda2,2009,0.47218848106231803
het_hisp_female,lambda2,2010,0.480222829958862
het_hisp_female,lambda2,2011,0.48825717885540243
het_hisp_female,lambda2,2012,0.4962915277519464
het_hisp_female,lambda2,2013,0.5043258766484868
het_hisp_female,lambda2,2014,0.5123602255450308
het_hisp_female,lambda2,2015,0.5203945744415712
het_hisp_female,lambda2,2016,0.5284289233381152
het_hisp_female,lambda2,2017,0.5364632722346556
het_hisp_female,lambda2,2018,0.544497621131196
het_hisp_female,lambda2,2019,0.55253197002774
het_hisp_female,lambda2,2020,0.5605663189242804
het_hisp_female,lambda2,2021,0.5686006678208244
het_hisp_female,lambda2,2022,0.5766350167173648
het_hisp_female,lambda2,2023,0.5846693656139088
het_hisp_female,lambda2,2024,0.5927037145104492
het_hisp_female,lambda2,2025,0.6007380634069932
het_hisp_female,lambda2,2026,0.6087724123035336
het_hisp_female,lambda2,2027,0.616806761200074
het_hisp_female,lambda2,2028,0.624841110096618
het_hisp_female,lambda2,2029,0.6328754589931584
het_hisp_female,lambda2,2030,0.6409098078897024
het_hisp_female,mu1,2009,34.89750278141901
het_hisp_female,mu1,2010,34.36035954477666
het_hisp_female,mu1,2011,33.823216308134306
het_hisp_female,mu1,2012,33.286073071491955
het_hisp_female,mu1,2013,32.748929834849605
het_hisp_female,mu1,2014,32.211786598207254
het_hisp_female,mu1,2015,31.674643361564904
het_hisp_female,mu1,2016,31.137500124922553
het_hisp_female,mu1,2017,30.600356888280203
het_hisp_female,mu1,2018,30.063213651637852
het_hisp_female,mu1,2019,29.526070414995502
het_hisp_female,mu1,2020,28.98892717835315
het_hisp_female,mu1,2021,28.4517839417108
het_hisp_female,mu1,2022,27.91464070506845
het_hisp_female,mu1,2023,27.3774974684261
het_hisp_female,mu1,2024,26.84035423178375
het_hisp_female,mu1,2025,26.3032109951414
het_hisp_female,mu1,2026,25.766067758499048
het_hisp_female,mu1,2027,25.228924521856698
het_hisp_female,mu1,2028,24.691781285214347
het_hisp_female,mu1,2029,24.154638048571996
het_hisp_female,mu1,2030,23.617494811929646
het_hisp_female,mu2,2009,49.542016356474164
het_hisp_female,mu2,2010,49.93554532996666
het_hisp_female,mu2,2011,50.32907430345915
het_hisp_female,mu2,2012,50.722603276951645
het_hisp_female,mu2,2013,51.11613225044414
het_hisp_female,mu2,2014,51.50966122393663
het_hisp_female,mu2,2015,51.903190197429126
het_hisp_female,mu2,2016,52.29671917092162
het_hisp_female,mu2,2017,52.69024814441411
het_hisp_female,mu2,2018,53.08377711790672
het_hisp_female,mu2,2019,53.477306091399214
het_hisp_female,mu2,2020,53.87083506489171
het_hisp_female,mu2,2021,54.2643640383842
het_hisp_female,mu2,2022,54.657893011876695
het_hisp_female,mu2,2023,55.05142198536919
het_hisp_female,mu2,2024,55.44495095886168
het_hisp_female,mu2,2025,55.838479932354176
het_hisp_female,mu2,2026,56.23200890584667
het_hisp_female,mu2,2027,56.62553787933916
het_hisp_female,mu2,2028,57.019066852831656
het_hisp_female,mu2,2029,57.41259582632415
het_hisp_female,mu2,2030,57.80612479981676
het_hisp_female,sigma1,2009,7.308233612285903
het_hisp_female,sigma1,2010,6.93662178419072
het_hisp_female,sigma1,2011,6.5650099560956505
het_hisp_female,sigma1,2012,6.193398128000581
het_hisp_female,sigma1,2013,5.821786299905398
het_hisp_female,sigma1,2014,5.450174471810328
het_hisp_female,sigma1,2015,5.078562643715259
het_hisp_female,sigma1,2016,4.7069508156200754
het_hisp_female,sigma1,2017,4.335338987525006
het_hisp_female,sigma1,2018,3.9637271594298227
het_hisp_female,sigma1,2019,3.592115331334753
het_hisp_female,sigma1,2020,3.2205035032396836
het_hisp_female,sigma1,2021,2.8488916751445004
het_hisp_female,sigma1,2022,2.477279847049431
het_hisp_female,sigma1,2023,2.1056680189543613
het_hisp_female,sigma1,2024,1.734056190859178
het_hisp_female,sigma1,2025,1.3624443627641085
het_hisp_female,sigma1,2026,0.990832534669039
het_hisp_female,sigma1,2027,0.6192207065738558
het_hisp_female,sigma1,2028,0.2476088784787862
het_hisp_female,sigma1,2029,-0.12400294961628333
het_hisp_female,sigma1,2030,-0.49561477771146656
het_hisp_female,sigma2,2009,10.247863175397466
het_hisp_female,sigma2,2010,10.261067720972136
het_hisp_female,sigma2,2011,10.274272266546802
het_hisp_female,sigma2,2012,10.287476812121469
het_hisp_female,sigma2,2013,10.300681357696138
het_hisp_female,sigma2,2014,10.313885903270805
het_hisp_female,sigma2,2015,10.327090448845471
het_hisp_female,sigma2,2016,10.340294994420137
het_hisp_female,sigma2,2017,10.353499539994807
het_hisp_female,sigma2,2018,10.366704085569474
het_hisp_female,sigma2,2019,10.37990863114414
het_hisp_female,sigma2,2020,10.393113176718806
het_hisp_female,sigma2,2021,10.406317722293476
het_hisp_female,sigma2,2022,10.419522267868143
het_hisp_female,sigma2,2023,10.432726813442809
het_hisp_female,sigma2,2024,10.445931359017479
het_hisp_female,sigma2,2025,10.459135904592145
het_hisp_female,sigma2,2026,10.472340450166811
het_hisp_female,sigma2,2027,10.485544995741478
het_hisp_female,sigma2,2028,10.498749541316148
het_hisp_female,sigma2,2029,10.511954086890814
het_hisp_female,sigma2,2030,10.52515863246548
het_hisp_male,lambda1,2009,0.07807855195414959
het_hisp_male,lambda1,2010,0.1545385994268429
het_hisp_male,lambda1,2011,0.2309986468995362
het_hisp_male,lambda1,2012,0.3074586943722295
het_hisp_male,lambda1,2013,0.3839187418449228
het_hisp_male,lambda1,2014,0.4603787893176161
het_hisp_male,lambda1,2015,0.5368388367903094
het_hisp_male,lambda1,2016,0.6132988842630027
het_hisp_male,lambda1,2017,0.689758931735696
het_hisp_male,lambda1,2018,0.7662189792083893
het_hisp_male,lambda1,2019,0.8426790266810826
het_hisp_male,lambda1,2020,0.9191390741537475
het_hisp_male,lambda1,2021,0.9955991216264408
het_hisp_male,lambda1,2022,1.0720591690991341
het_hisp_male,lambda1,2023,1.1485192165718274
het_hisp_male,lambda1,2024,1.2249792640445207
het_hisp_male,lambda1,2025,1.301439311517214
het_hisp_male,lambda1,2026,1.3778993589899073
het_hisp_male,lambda1,2027,1.4543594064626006
het_hisp_male,lambda1,2028,1.530819453935294
het_hisp_male,lambda1,2029,1.6072795014079873
het_hisp_male,lambda1,2030,1.6837395488806806
het_hisp_male,lambda2,2009,0.921921448045822
het_hisp_male,lambda2,2010,0.8454614005731287
het_hisp_male,lambda2,2011,0.7690013531004354
het_hisp_male,lambda2,2012,0.6925413056277421
het_hisp_male,lambda2,2013,0.6160812581550488
het_hisp_male,lambda2,2014,0.5396212106823555
het_hisp_male,lambda2,2015,0.46316116320966216
het_hisp_male,lambda2,2016,0.38670111573696886
het_hisp_male,lambda2,2017,0.31024106826427555
het_hisp_male,lambda2,2018,0.23378102079158225
het_hisp_male,lambda2,2019,0.15732097331888895
het_hisp_male,lambda2,2020,0.08086092584619564
het_hisp_male,lambda2,2021,0.004400878373530759
het_hisp_male,lambda2,2022,-0.07205916909916255
het_hisp_male,lambda2,2023,-0.14851921657185585
het_hisp_male,lambda2,2024,-0.22497926404454915
het_hisp_male,lambda2,2025,-0.30143931151724246
het_hisp_male,lambda2,2026,-0.37789935898993576
het_hisp_male,lambda2,2027,-0.45435940646262907
het_hisp_male,lambda2,2028,-0.5308194539353224
het_hisp_male,lambda2,2029,-0.6072795014080157
het_hisp_male,lambda2,2030,-0.683739548880709
het_hisp_male,mu1,2009,26.675186850611226
het_hisp_male,mu1,2010,28.201231931491293
het_hisp_male,mu1,2011,29.727277012371815
het_hisp_male,mu1,2012,31.25332209325188
het_hisp_male,mu1,2013,32.77936717413195
het_hisp_male,mu1,2014,34.305412255012016
het_hisp_male,mu1,2015,35.83145733589254
het_hisp_male,mu1,2016,37.357502416772604
het_hisp_male,mu1,2017,38.88354749765267
het_hisp_male,mu1,2018,40.40959257853319
het_hisp_male,mu1,2019,41.93563765941326
het_hisp_male,mu1,2020,43.46168274029333
het_hisp_male,mu1,2021,44.987727821173394
het_hisp_male,mu1,2022,46.513772902053915
het_hisp_male,mu1,2023,48.03981798293398
het_hisp_male,mu1,2024,49.56586306381405
het_hisp_male,mu1,2025,51.09190814469457
het_hisp_male,mu1,2026,52.61795322557464
het_hisp_male,mu1,2027,54.143998306454705
het_hisp_male,mu1,2028,55.67004338733477
het_hisp_male,mu1,2029,57.196088468215294
het_hisp_male,mu1,2030,58.72213354909536
het_hisp_male,mu2,2009,40.862020206720445
het_hisp_male,mu2,2010,43.714042846328084
het_hisp_male,mu2,2011,46.566065485935724
het_hisp_male,mu2,2012,49.41808812554336
het_hisp_male,mu2,2013,52.270110765151
het_hisp_male,mu2,2014,55.12213340475864
het_hisp_male,mu2,2015,57.97415604436628
het_hisp_male,mu2,2016,60.82617868397392
het_hisp_male,mu2,2017,63.67820132358065
het_hisp_male,mu2,2018,66.53022396318829
het_hisp_male,mu2,2019,69.38224660279593
het_hisp_male,mu2,2020,72.23426924240357
het_hisp_male,mu2,2021,75.08629188201121
het_hisp_male,mu2,2022,77.93831452161885
het_hisp_male,mu2,2023,80.79033716122649
het_hisp_male,mu2,2024,83.64235980083413
het_hisp_male,mu2,2025,86.49438244044177
het_hisp_male,mu2,2026,89.3464050800485
het_hisp_male,mu2,2027,92.19842771965614
het_hisp_male,mu2,2028,95.05045035926378
het_hisp_male,mu2,2029,97.90247299887142
het_hisp_male,mu2,2030,100.75449563847906
het_hisp_male,sigma1,2009,2.4050819554017835
het_hisp_male,sigma1,2010,3.2094950704824896
het_hisp_male,sigma1,2011,4.013908185562968
het_hisp_male,sigma1,2012,4.8183213006436745
het_hisp_male,sigma1,2013,5.622734415724153
het_hisp_male,sigma1,2014,6.427147530804859
het_hisp_male,sigma1,2015,7.231560645885338
het_hisp_male,sigma1,2016,8.035973760966044
het_hisp_male,sigma1,2017,8.840386876046523
het_hisp_male,sigma1,2018,9.644799991127229
het_hisp_male,sigma1,2019,10.449213106207708
het_hisp_male,sigma1,2020,11.253626221288414
het_hisp_male,sigma1,2021,12.058039336368893
het_hisp_male,sigma1,2022,12.862452451449599
het_hisp_male,sigma1,2023,13.666865566530078
het_hisp_male,sigma1,2024,14.471278681610556
het_hisp_male,sigma1,2025,15.275691796691262
het_hisp_male,sigma1,2026,16.08010491177174
het_hisp_male,sigma1,2027,16.884518026852447
het_hisp_male,sigma1,2028,17.688931141932926
het_hisp_male,sigma1,2029,18.493344257013632
het_hisp_male,sigma1,2030,19.29775737209411
het_hisp_male,sigma2,2009,10.244319500335223
het_hisp_male,sigma2,2010,9.912023886047336
het_hisp_male,sigma2,2011,9.579728271759336
het_hisp_male,sigma2,2012,9.24743265747145
het_hisp_male,sigma2,2013,8.915137043183563
het_hisp_male,sigma2,2014,8.582841428895676
het_hisp_male,sigma2,2015,8.25054581460779
het_hisp_male,sigma2,2016,7.91825020031979
het_hisp_male,sigma2,2017,7.585954586031903
het_hisp_male,sigma2,2018,7.2536589717440165
het_hisp_male,sigma2,2019,6.92136335745613
het_hisp_male,sigma2,2020,6.589067743168243
het_hisp_male,sigma2,2021,6.256772128880243
het_hisp_male,sigma2,2022,5.924476514592357
het_hisp_male,sigma2,2023,5.59218090030447
het_hisp_male,sigma2,2024,5.2598852860165834
het_hisp_male,sigma2,2025,4.927589671728697
het_hisp_male,sigma2,2026,4.595294057440697
het_hisp_male,sigma2,2027,4.26299844315281
het_hisp_male,sigma2,2028,3.9307028288649235
het_hisp_male,sigma2,2029,3.598407214577037
het_hisp_male,sigma2,2030,3.2661116002891504
msm_hisp_male,lambda1,2009,0.23536285031988768
msm_hisp_male,lambda1,2010,0.28635256331122605
msm_hisp_male,lambda1,2011,0.3373422763025644
msm_hisp_male,lambda1,2012,0.3883319892939028
msm_hisp_male,lambda1,2013,0.43932170228524114
msm_hisp_male,lambda1,2014,0.4903114152765795
msm_hisp_male,lambda1,2015,0.5413011282679179
msm_hisp_male,lambda1,2016,0.5922908412592562
msm_hisp_male,lambda1,2017,0.6432805542505946
msm_hisp_male,lambda1,2018,0.694270267241933
msm_hisp_male,lambda1,2019,0.7452599802332713
msm_hisp_male,lambda1,2020,0.7962496932246097
msm_hisp_male,lambda1,2021,0.8472394062159481
msm_hisp_male,lambda1,2022,0.8982291192072864
msm_hisp_male,lambda1,2023,0.9492188321986248
msm_hisp_male,lambda1,2024,1.0002085451899632
msm_hisp_male,lambda1,2025,1.0511982581813015
msm_hisp_male,lambda1,2026,1.10218797117264
msm_hisp_male,lambda1,2027,1.1531776841639783
msm_hisp_male,lambda1,2028,1.2041673971553166
msm_hisp_male,lambda1,2029,1.255157110146655
msm_hisp_male,lambda1,2030,1.3061468231379934
msm_hisp_male,lambda2,2009,0.7646371496800981
msm_hisp_male,lambda2,2010,0.7136474366887597
msm_hisp_male,lambda2,2011,0.6626577236974214
msm_hisp_male,lambda2,2012,0.611668010706083
msm_hisp_male,lambda2,2013,0.5606782977147446
msm_hisp_male,lambda2,2014,0.5096885847234063
msm_hisp_male,lambda2,2015,0.4586988717320679
msm_hisp_male,lambda2,2016,0.40770915874072955
msm_hisp_male,lambda2,2017,0.3567194457493912
msm_hisp_male,lambda2,2018,0.3057297327580528
msm_hisp_male,lambda2,2019,0.25474001976671445
msm_hisp_male,lambda2,2020,0.2037503067753761
msm_hisp_male,lambda2,2021,0.15276059378403772
msm_hisp_male,lambda2,2022,0.10177088079269936
msm_hisp_male,lambda2,2023,0.050781167801360994
msm_hisp_male,lambda2,2024,-2.085451899773716e-4
msm_hisp_male,lambda2,2025,-0.05119825818131574
msm_hisp_male,lambda2,2026,-0.1021879711726541
msm_hisp_male,lambda2,2027,-0.15317768416399247
msm_hisp_male,lambda2,2028,-0.20416739715533083
msm_hisp_male,lambda2,2029,-0.2551571101466692
msm_hisp_male,lambda2,2030,-0.30614682313800756
msm_hisp_male,mu1,2009,26.49511247845453
msm_hisp_male,mu1,2010,26.758034011262907
msm_hisp_male,mu1,2011,27.0209555440714
msm_hisp_male,mu1,2012,27.283877076879776
msm_hisp_male,mu1,2013,27.546798609688267
msm_hisp_male,mu1,2014,27.809720142496644
msm_hisp_male,mu1,2015,28.072641675305135
msm_hisp_male,mu1,2016,28.335563208113513
msm_hisp_male,mu1,2017,28.598484740922004
msm_hisp_male,mu1,2018,28.86140627373038
msm_hisp_male,mu1,2019,29.124327806538872
msm_hisp_male,mu1,2020,29.38724933934725
msm_hisp_male,mu1,2021,29.65017087215574
msm_hisp_male,mu1,2022,29.913092404964118
msm_hisp_male,mu1,2023,30.17601393777261
msm_hisp_male,mu1,2024,30.438935470580986
msm_hisp_male,mu1,2025,30.701857003389478
msm_hisp_male,mu1,2026,30.964778536197855
msm_hisp_male,mu1,2027,31.227700069006346
msm_hisp_male,mu1,2028,31.490621601814723
msm_hisp_male,mu1,2029,31.753543134623214
msm_hisp_male,mu1,2030,32.01646466743159
msm_hisp_male,mu2,2009,39.404139453925836
msm_hisp_male,mu2,2010,40.071884952293885
msm_hisp_male,mu2,2011,40.739630450661934
msm_hisp_male,mu2,2012,41.407375949029756
msm_hisp_male,mu2,2013,42.075121447397805
msm_hisp_male,mu2,2014,42.74286694576563
msm_hisp_male,mu2,2015,43.410612444133676
msm_hisp_male,mu2,2016,44.0783579425015
msm_hisp_male,mu2,2017,44.74610344086955
msm_hisp_male,mu2,2018,45.41384893923737
msm_hisp_male,mu2,2019,46.08159443760542
msm_hisp_male,mu2,2020,46.74933993597324
msm_hisp_male,mu2,2021,47.41708543434129
msm_hisp_male,mu2,2022,48.08483093270934
msm_hisp_male,mu2,2023,48.75257643107716
msm_hisp_male,mu2,2024,49.42032192944521
msm_hisp_male,mu2,2025,50.08806742781303
msm_hisp_male,mu2,2026,50.75581292618108
msm_hisp_male,mu2,2027,51.4235584245489
msm_hisp_male,mu2,2028,52.09130392291695
msm_hisp_male,mu2,2029,52.75904942128477
msm_hisp_male,mu2,2030,53.42679491965282
msm_hisp_male,sigma1,2009,3.891487289432149
msm_hisp_male,sigma1,2010,3.9770567958904905
msm_hisp_male,sigma1,2011,4.062626302348832
msm_hisp_male,sigma1,2012,4.1481958088071735
msm_hisp_male,sigma1,2013,4.233765315265515
msm_hisp_male,sigma1,2014,4.3193348217238565
msm_hisp_male,sigma1,2015,4.404904328182198
msm_hisp_male,sigma1,2016,4.4904738346405395
msm_hisp_male,sigma1,2017,4.576043341098881
msm_hisp_male,sigma1,2018,4.6616128475572225
msm_hisp_male,sigma1,2019,4.747182354015564
msm_hisp_male,sigma1,2020,4.8327518604739055
msm_hisp_male,sigma1,2021,4.918321366932247
msm_hisp_male,sigma1,2022,5.0038908733905885
msm_hisp_male,sigma1,2023,5.08946037984893
msm_hisp_male,sigma1,2024,5.175029886307243
msm_hisp_male,sigma1,2025,5.2605993927655845
msm_hisp_male,sigma1,2026,5.346168899223926
msm_hisp_male,sigma1,2027,5.4317384056822675
msm_hisp_male,sigma1,2028,5.517307912140609
msm_hisp_male,sigma1,2029,5.6028774185989505
msm_hisp_male,sigma1,2030,5.688446925057292
msm_hisp_male,sigma2,2009,9.267864901133748
msm_hisp_male,sigma2,2010,8.94318796898699
msm_hisp_male,sigma2,2011,8.618511036840118
msm_hisp_male,sigma2,2012,8.29383410469336
msm_hisp_male,sigma2,2013,7.969157172546602
msm_hisp_male,sigma2,2014,7.644480240399844
msm_hisp_male,sigma2,2015,7.319803308253086
msm_hisp_male,sigma2,2016,6.995126376106214
msm_hisp_male,sigma2,2017,6.6704494439594555
msm_hisp_male,sigma2,2018,6.345772511812697
msm_hisp_male,sigma2,2019,6.021095579665939
msm_hisp_male,sigma2,2020,5.696418647519067
msm_hisp_male,sigma2,2021,5.371741715372309
msm_hisp_male,sigma2,2022,5.047064783225551
msm_hisp_male,sigma2,2023,4.722387851078793
msm_hisp_male,sigma2,2024,4.3977109189320345
msm_hisp_male,sigma2,2025,4.073033986785163
msm_hisp_male,sigma2,2026,3.7483570546384044
msm_hisp_male,sigma2,2027,3.423680122491646
msm_hisp_male,sigma2,2028,3.099003190344888
msm_hisp_male,sigma2,2029,2.774326258198016
msm_hisp_male,sigma2,2030,2.449649326051258
idu_white_female,lambda1,2009,0.30071766181714565
idu_white_female,lambda1,2010,0.3326960685598408
idu_white_female,lambda1,2011,0.36467447530252173
idu_white_female,lambda1,2012,0.39665288204520266
idu_white_female,lambda1,2013,0.4286312887878978
idu_white_female,lambda1,2014,0.46060969553057873
idu_white_female,lambda1,2015,0.4925881022732739
idu_white_female,lambda1,2016,0.5245665090159548
idu_white_female,lambda1,2017,0.55654491575865
idu_white_female,lambda1,2018,0.5885233225013309
idu_white_female,lambda1,2019,0.6205017292440118
idu_white_female,lambda1,2020,0.652480135986707
idu_white_female,lambda1,2021,0.6844585427293879
idu_white_female,lambda1,2022,0.716436949472083
idu_white_female,lambda1,2023,0.748415356214764
idu_white_female,lambda1,2024,0.7803937629574591
idu_white_female,lambda1,2025,0.81237216970014
idu_white_female,lambda1,2026,0.844350576442821
idu_white_female,lambda1,2027,0.8763289831855161
idu_white_female,lambda1,2028,0.908307389928197
idu_white_female,lambda1,2029,0.9402857966708922
idu_white_female,lambda1,2030,0.9722642034135731
idu_white_female,lambda2,2009,0.6992823381828543
idu_white_female,lambda2,2010,0.6673039314401734
idu_white_female,lambda2,2011,0.6353255246974783
idu_white_female,lambda2,2012,0.6033471179547973
idu_white_female,lambda2,2013,0.5713687112121022
idu_white_female,lambda2,2014,0.5393903044694213
idu_white_female,lambda2,2015,0.5074118977267403
idu_white_female,lambda2,2016,0.4754334909840452
idu_white_female,lambda2,2017,0.44345508424136426
idu_white_female,lambda2,2018,0.4114766774986691
idu_white_female,lambda2,2019,0.3794982707559882
idu_white_female,lambda2,2020,0.34751986401329304
idu_white_female,lambda2,2021,0.3155414572706121
idu_white_female,lambda2,2022,0.28356305052791697
idu_white_female,lambda2,2023,0.25158464378523604
idu_white_female,lambda2,2024,0.2196062370425551
idu_white_female,lambda2,2025,0.18762783029985997
idu_white_female,lambda2,2026,0.15564942355717903
idu_white_female,lambda2,2027,0.12367101681448389
idu_white_female,lambda2,2028,0.09169261007180296
idu_white_female,lambda2,2029,0.05971420332910782
idu_white_female,lambda2,2030,0.027735796586426886
idu_white_female,mu1,2009,29.82600924836288
idu_white_female,mu1,2010,30.4871783243309
idu_white_female,mu1,2011,31.148347400298917
idu_white_female,mu1,2012,31.809516476266936
idu_white_female,mu1,2013,32.470685552234954
idu_white_female,mu1,2014,33.1318546282032
idu_white_female,mu1,2015,33.79302370417122
idu_white_female,mu1,2016,34.45419278013924
idu_white_female,mu1,2017,35.115361856107256
idu_white_female,mu1,2018,35.7765309320755
idu_white_female,mu1,2019,36.43770000804352
idu_white_female,mu1,2020,37.09886908401154
idu_white_female,mu1,2021,37.76003815997956
idu_white_female,mu1,2022,38.42120723594758
idu_white_female,mu1,2023,39.08237631191582
idu_white_female,mu1,2024,39.74354538788384
idu_white_female,mu1,2025,40.40471446385186
idu_white_female,mu1,2026,41.06588353981988
idu_white_female,mu1,2027,41.7270526157879
idu_white_female,mu1,2028,42.388221691756144
idu_white_female,mu1,2029,43.04939076772416
idu_white_female,mu1,2030,43.71055984369218
idu_white_female,mu2,2009,47.293992500157174
idu_white_female,mu2,2010,47.96706447602719
idu_white_female,mu2,2011,48.64013645189698
idu_white_female,mu2,2012,49.313208427766995
idu_white_female,mu2,2013,49.98628040363701
idu_white_female,mu2,2014,50.65935237950703
idu_white_female,mu2,2015,51.33242435537704
idu_white_female,mu2,2016,52.00549633124683
idu_white_female,mu2,2017,52.67856830711685
idu_white_female,mu2,2018,53.351640282986864
idu_white_female,mu2,2019,54.02471225885688
idu_white_female,mu2,2020,54.697784234726896
idu_white_female,mu2,2021,55.370856210596685
idu_white_female,mu2,2022,56.0439281864667
idu_white_female,mu2,2023,56.71700016233672
idu_white_female,mu2,2024,57.39007213820673
idu_white_female,mu2,2025,58.06314411407675
idu_white_female,mu2,2026,58.73621608994654
idu_white_female,mu2,2027,59.409288065816554
idu_white_female,mu2,2028,60.08236004168657
idu_white_female,mu2,2029,60.755432017556586
idu_white_female,mu2,2030,61.4285039934266
idu_white_female,sigma1,2009,3.731918994439411
idu_white_female,sigma1,2010,4.027824469340658
idu_white_female,sigma1,2011,4.323729944242018
idu_white_female,sigma1,2012,4.619635419143378
idu_white_female,sigma1,2013,4.915540894044625
idu_white_female,sigma1,2014,5.211446368945985
idu_white_female,sigma1,2015,5.507351843847232
idu_white_female,sigma1,2016,5.803257318748592
idu_white_female,sigma1,2017,6.099162793649953
idu_white_female,sigma1,2018,6.395068268551199
idu_white_female,sigma1,2019,6.69097374345256
idu_white_female,sigma1,2020,6.986879218353806
idu_white_female,sigma1,2021,7.2827846932551665
idu_white_female,sigma1,2022,7.578690168156527
idu_white_female,sigma1,2023,7.8745956430577735
idu_white_female,sigma1,2024,8.170501117959134
idu_white_female,sigma1,2025,8.46640659286038
idu_white_female,sigma1,2026,8.76231206776174
idu_white_female,sigma1,2027,9.058217542663101
idu_white_female,sigma1,2028,9.354123017564348
idu_white_female,sigma1,2029,9.650028492465708
idu_white_female,sigma1,2030,9.945933967366955
idu_white_female,sigma2,2009,6.736288305498107
idu_white_female,sigma2,2010,6.7870824611367055
idu_white_female,sigma2,2011,6.83787661677529
idu_white_female,sigma2,2012,6.888670772413889
idu_white_female,sigma2,2013,6.939464928052487
idu_white_female,sigma2,2014,6.990259083691072
idu_white_female,sigma2,2015,7.0410532393296705
idu_white_female,sigma2,2016,7.091847394968269
idu_white_female,sigma2,2017,7.142641550606868
idu_white_female,sigma2,2018,7.193435706245452
idu_white_female,sigma2,2019,7.244229861884051
idu_white_female,sigma2,2020,7.29502401752265
idu_white_female,sigma2,2021,7.345818173161248
idu_white_female,sigma2,2022,7.396612328799833
idu_white_female,sigma2,2023,7.447406484438432
idu_white_female,sigma2,2024,7.49820064007703
idu_white_female,sigma2,2025,7.548994795715615
idu_white_female,sigma2,2026,7.599788951354213
idu_white_female,sigma2,2027,7.650583106992812
idu_white_female,sigma2,2028,7.701377262631411
idu_white_female,sigma2,2029,7.752171418269995
idu_white_female,sigma2,2030,7.802965573908594
msm_white_male,lambda1,2009,0.166216405477023
msm_white_male,lambda1,2010,0.196839348735935
msm_white_male,lambda1,2011,0.22746229199484702
msm_white_male,lambda1,2012,0.25808523525375904
msm_white_male,lambda1,2013,0.28870817851267105
msm_white_male,lambda1,2014,0.31933112177158307
msm_white_male,lambda1,2015,0.3499540650304951
msm_white_male,lambda1,2016,0.3805770082894071
msm_white_male,lambda1,2017,0.4111999515483191
msm_white_male,lambda1,2018,0.44182289480723114
msm_white_male,lambda1,2019,0.47244583806614315
msm_white_male,lambda1,2020,0.5030687813250552
msm_white_male,lambda1,2021,0.5336917245839672
msm_white_male,lambda1,2022,0.5643146678428792
msm_white_male,lambda1,2023,0.5949376111017912
msm_white_male,lambda1,2024,0.6255605543607103
msm_white_male,lambda1,2025,0.6561834976196224
msm_white_male,lambda1,2026,0.6868064408785344
msm_white_male,lambda1,2027,0.7174293841374464
msm_white_male,lambda1,2028,0.7480523273963584
msm_white_male,lambda1,2029,0.7786752706552704
msm_white_male,lambda1,2030,0.8092982139141824
msm_white_male,lambda2,2009,0.8337835945229841
msm_white_male,lambda2,2010,0.8031606512640721
msm_white_male,lambda2,2011,0.7725377080051601
msm_white_male,lambda2,2012,0.7419147647462481
msm_white_male,lambda2,2013,0.711291821487336
msm_white_male,lambda2,2014,0.680668878228424
msm_white_male,lambda2,2015,0.650045934969512
msm_white_male,lambda2,2016,0.6194229917106
msm_white_male,lambda2,2017,0.588800048451688
msm_white_male,lambda2,2018,0.558177105192776
msm_white_male,lambda2,2019,0.527554161933864
msm_white_male,lambda2,2020,0.49693121867495194
msm_white_male,lambda2,2021,0.4663082754160328
msm_white_male,lambda2,2022,0.4356853321571208
msm_white_male,lambda2,2023,0.4050623888982088
msm_white_male,lambda2,2024,0.37443944563929676
msm_white_male,lambda2,2025,0.34381650238038475
msm_white_male,lambda2,2026,0.31319355912147273
msm_white_male,lambda2,2027,0.2825706158625607
msm_white_male,lambda2,2028,0.2519476726036487
msm_white_male,lambda2,2029,0.22132472934473668
msm_white_male,lambda2,2030,0.19070178608582466
msm_white_male,mu1,2009,26.82883527429476
msm_white_male,mu1,2010,27.024363900617743
msm_white_male,mu1,2011,27.219892526940782
msm_white_male,mu1,2012,27.415421153263765
msm_white_male,mu1,2013,27.610949779586804
msm_white_male,mu1,2014,27.806478405909786
msm_white_male,mu1,2015,28.002007032232825
msm_white_male,mu1,2016,28.197535658555864
msm_white_male,mu1,2017,28.393064284878847
msm_white_male,mu1,2018,28.588592911201886
msm_white_male,mu1,2019,28.784121537524868
msm_white_male,mu1,2020,28.979650163847907
msm_white_male,mu1,2021,29.175178790170946
msm_white_male,mu1,2022,29.37070741649393
msm_white_male,mu1,2023,29.566236042816968
msm_white_male,mu1,2024,29.76176466913995
msm_white_male,mu1,2025,29.95729329546299
msm_white_male,mu1,2026,30.15282192178597
msm_white_male,mu1,2027,30.34835054810901
msm_white_male,mu1,2028,30.54387917443205
msm_white_male,mu1,2029,30.739407800755032
msm_white_male,mu1,2030,30.93493642707807
msm_white_male,mu2,2009,43.60274130707103
msm_white_male,mu2,2010,44.21464579316216
msm_white_male,mu2,2011,44.826550279253524
msm_white_male,mu2,2012,45.438454765344886
msm_white_male,mu2,2013,46.05035925143602
msm_white_male,mu2,2014,46.66226373752738
msm_white_male,mu2,2015,47.27416822361852
msm_white_male,mu2,2016,47.88607270970988
msm_white_male,mu2,2017,48.49797719580101
msm_white_male,mu2,2018,49.109881681892375
msm_white_male,mu2,2019,49.72178616798351
msm_white_male,mu2,2020,50.33369065407487
msm_white_male,mu2,2021,50.945595140166006
msm_white_male,mu2,2022,51.55749962625737
msm_white_male,mu2,2023,52.1694041123485
msm_white_male,mu2,2024,52.781308598439864
msm_white_male,mu2,2025,53.393213084531226
msm_white_male,mu2,2026,54.00511757062236
msm_white_male,mu2,2027,54.61702205671372
msm_white_male,mu2,2028,55.22892654280486
msm_white_male,mu2,2029,55.84083102889622
msm_white_male,mu2,2030,56.45273551498735
msm_white_male,sigma1,2009,3.3180710820464014
msm_white_male,sigma1,2010,3.485717731512125
msm_white_male,sigma1,2011,3.653364380977848
msm_white_male,sigma1,2012,3.8210110304435716
msm_white_male,sigma1,2013,3.988657679909352
msm_white_male,sigma1,2014,4.156304329375075
msm_white_male,sigma1,2015,4.323950978840799
msm_white_male,sigma1,2016,4.491597628306522
msm_white_male,sigma1,2017,4.659244277772302
msm_white_male,sigma1,2018,4.826890927238026
msm_white_male,sigma1,2019,4.994537576703749
msm_white_male,sigma1,2020,5.162184226169472
msm_white_male,sigma1,2021,5.329830875635253
msm_white_male,sigma1,2022,5.497477525100976
msm_white_male,sigma1,2023,5.665124174566699
msm_white_male,sigma1,2024,5.832770824032423
msm_white_male,sigma1,2025,6.000417473498146
msm_white_male,sigma1,2026,6.168064122963926
msm_white_male,sigma1,2027,6.33571077242965
msm_white_male,sigma1,2028,6.503357421895373
msm_white_male,sigma1,2029,6.6710040713610965
msm_white_male,sigma1,2030,6.838650720826877
msm_white_male,sigma2,2009,8.992035696293755
msm_white_male,sigma2,2010,9.112764372616425
msm_white_male,sigma2,2011,9.233493048939096
msm_white_male,sigma2,2012,9.354221725261738
msm_white_male,sigma2,2013,9.474950401584408
msm_white_male,sigma2,2014,9.59567907790705
msm_white_male,sigma2,2015,9.71640775422972
msm_white_male,sigma2,2016,9.837136430552391
msm_white_male,sigma2,2017,9.957865106875033
msm_white_male,sigma2,2018,10.078593783197704
msm_white_male,sigma2,2019,10.199322459520374
msm_white_male,sigma2,2020,10.320051135843016
msm_white_male,sigma2,2021,10.440779812165687
msm_white_male,sigma2,2022,10.561508488488329
msm_white_male,sigma2,2023,10.682237164811
msm_white_male,sigma2,2024,10.80296584113367
msm_white_male,sigma2,2025,10.923694517456312
msm_white_male,sigma2,2026,11.044423193778982
msm_white_male,sigma2,2027,11.165151870101624
msm_white_male,sigma2,2028,11.285880546424295
msm_white_male,sigma2,2029,11.406609222746965
msm_white_male,sigma2,2030,11.527337899069607
het_white_male,lambda1,2009,0.1695822426223934
het_white_male,lambda1,2010,0.179801353275856
het_white_male,lambda1,2011,0.1900204639293186
het_white_male,lambda1,2012,0.20023957458277764
het_white_male,lambda1,2013,0.21045868523624023
het_white_male,lambda1,2014,0.22067779588970282
het_white_male,lambda1,2015,0.23089690654316186
het_white_male,lambda1,2016,0.24111601719662445
het_white_male,lambda1,2017,0.25133512785008705
het_white_male,lambda1,2018,0.2615542385035461
het_white_male,lambda1,2019,0.2717733491570087
het_white_male,lambda1,2020,0.2819924598104713
het_white_male,lambda1,2021,0.29221157046393387
het_white_male,lambda1,2022,0.3024306811173929
het_white_male,lambda1,2023,0.3126497917708555
het_white_male,lambda1,2024,0.3228689024243181
het_white_male,lambda1,2025,0.33308801307777713
het_white_male,lambda1,2026,0.3433071237312397
het_white_male,lambda1,2027,0.3535262343847023
het_white_male,lambda1,2028,0.36374534503816136
het_white_male,lambda1,2029,0.37396445569162395
het_white_male,lambda1,2030,0.38418356634508655
het_white_male,lambda2,2009,0.830417757377603
het_white_male,lambda2,2010,0.820198646724144
het_white_male,lambda2,2011,0.8099795360706814
het_white_male,lambda2,2012,0.7997604254172188
het_white_male,lambda2,2013,0.7895413147637598
het_white_male,lambda2,2014,0.7793222041102972
het_white_male,lambda2,2015,0.7691030934568346
het_white_male,lambda2,2016,0.7588839828033755
het_white_male,lambda2,2017,0.748664872149913
het_white_male,lambda2,2018,0.7384457614964504
het_white_male,lambda2,2019,0.7282266508429913
het_white_male,lambda2,2020,0.7180075401895287
het_white_male,lambda2,2021,0.7077884295360661
het_white_male,lambda2,2022,0.6975693188826071
het_white_male,lambda2,2023,0.6873502082291445
het_white_male,lambda2,2024,0.6771310975756819
het_white_male,lambda2,2025,0.6669119869222193
het_white_male,lambda2,2026,0.6566928762687603
het_white_male,lambda2,2027,0.6464737656152977
het_white_male,lambda2,2028,0.6362546549618351
het_white_male,lambda2,2029,0.626035544308376
het_white_male,lambda2,2030,0.6158164336549135
het_white_male,mu1,2009,32.811266216068475
het_white_male,mu1,2010,32.449099128379316
het_white_male,mu1,2011,32.086932040690044
het_white_male,mu1,2012,31.724764953000886
het_white_male,mu1,2013,31.362597865311614
het_white_male,mu1,2014,31.00043077762234
het_white_male,mu1,2015,30.638263689933183
het_white_male,mu1,2016,30.27609660224391
het_white_male,mu1,2017,29.913929514554752
het_white_male,mu1,2018,29.55176242686548
het_white_male,mu1,2019,29.189595339176208
het_white_male,mu1,2020,28.82742825148705
het_white_male,mu1,2021,28.465261163797777
het_white_male,mu1,2022,28.10309407610862
het_white_male,mu1,2023,27.740926988419346
het_white_male,mu1,2024,27.378759900730074
het_white_male,mu1,2025,27.016592813040916
het_white_male,mu1,2026,26.654425725351643
het_white_male,mu1,2027,26.292258637662485
het_white_male,mu1,2028,25.930091549973213
het_white_male,mu1,2029,25.56792446228394
het_white_male,mu1,2030,25.205757374594782
het_white_male,mu2,2009,44.67451278158683
het_white_male,mu2,2010,45.691362030554046
het_white_male,mu2,2011,46.70821127952104
het_white_male,mu2,2012,47.72506052848803
het_white_male,mu2,2013,48.74190977745502
het_white_male,mu2,2014,49.75875902642201
het_white_male,mu2,2015,50.775608275389004
het_white_male,mu2,2016,51.792457524355996
het_white_male,mu2,2017,52.80930677332299
het_white_male,mu2,2018,53.82615602228998
het_white_male,mu2,2019,54.843005271257425
het_white_male,mu2,2020,55.85985452022442
het_white_male,mu2,2021,56.87670376919141
het_white_male,mu2,2022,57.8935530181584
het_white_male,mu2,2023,58.91040226712539
het_white_male,mu2,2024,59.92725151609238
het_white_male,mu2,2025,60.944100765059375
het_white_male,mu2,2026,61.960950014026366
het_white_male,mu2,2027,62.97779926299336
het_white_male,mu2,2028,63.99464851196035
het_white_male,mu2,2029,65.01149776092734
het_white_male,mu2,2030,66.02834700989433
het_white_male,sigma1,2009,3.751045971327244
het_white_male,sigma1,2010,3.9405494845190105
het_white_male,sigma1,2011,4.130052997710777
het_white_male,sigma1,2012,4.319556510902544
het_white_male,sigma1,2013,4.50906002409431
het_white_male,sigma1,2014,4.698563537286077
het_white_male,sigma1,2015,4.888067050477844
het_white_male,sigma1,2016,5.07757056366961
het_white_male,sigma1,2017,5.267074076861377
het_white_male,sigma1,2018,5.4565775900531435
het_white_male,sigma1,2019,5.64608110324491
het_white_male,sigma1,2020,5.83558461643662
het_white_male,sigma1,2021,6.0250881296283865
het_white_male,sigma1,2022,6.214591642820153
het_white_male,sigma1,2023,6.40409515601192
het_white_male,sigma1,2024,6.593598669203686
het_white_male,sigma1,2025,6.783102182395453
het_white_male,sigma1,2026,6.9726056955872195
het_white_male,sigma1,2027,7.162109208778986
het_white_male,sigma1,2028,7.351612721970753
het_white_male,sigma1,2029,7.541116235162519
het_white_male,sigma1,2030,7.730619748354286
het_white_male,sigma2,2009,8.913539637547103
het_white_male,sigma2,2010,9.135627698231474
het_white_male,sigma2,2011,9.357715758915845
het_white_male,sigma2,2012,9.579803819600215
het_white_male,sigma2,2013,9.801891880284586
het_white_male,sigma2,2014,10.023979940968957
het_white_male,sigma2,2015,10.246068001653327
het_white_male,sigma2,2016,10.468156062337698
het_white_male,sigma2,2017,10.690244123022069
het_white_male,sigma2,2018,10.91233218370644
het_white_male,sigma2,2019,11.13442024439081
het_white_male,sigma2,2020,11.356508305075181
het_white_male,sigma2,2021,11.578596365759552
het_white_male,sigma2,2022,11.800684426443922
het_white_male,sigma2,2023,12.022772487128293
het_white_male,sigma2,2024,12.244860547812664
het_white_male,sigma2,2025,12.466948608497034
het_white_male,sigma2,2026,12.689036669181405
het_white_male,sigma2,2027,12.911124729865719
het_white_male,sigma2,2028,13.13321279055009
het_white_male,sigma2,2029,13.35530085123446
het_white_male,sigma2,2030,13.577388911918831
idu_hisp_female,lambda1,2009,0.20722485314405173
idu_hisp_female,lambda1,2010,0.20722485314405173
idu_hisp_female,lambda1,2011,0.20722485314405173
idu_hisp_female,lambda1,2012,0.20722485314405173
idu_hisp_female,lambda1,2013,0.20722485314405173
idu_hisp_female,lambda1,2014,0.20722485314405173
idu_hisp_female,lambda1,2015,0.20722485314405173
idu_hisp_female,lambda1,2016,0.20722485314405173
idu_hisp_female,lambda1,2017,0.20722485314405173
idu_hisp_female,lambda1,2018,0.20722485314405173
idu_hisp_female,lambda1,2019,0.20722485314405173
idu_hisp_female,lambda1,2020,0.20722485314405173
idu_hisp_female,lambda1,2021,0.20722485314405173
idu_hisp_female,lambda1,2022,0.20722485314405173
idu_hisp_female,lambda1,2023,0.20722485314405173
idu_hisp_female,lambda1,2024,0.20722485314405173
idu_hisp_female,lambda1,2025,0.20722485314405173
idu_hisp_female,lambda1,2026,0.20722485314405173
idu_hisp_female,lambda1,2027,0.20722485314405173
idu_hisp_female,lambda1,2028,0.20722485314405173
idu_hisp_female,lambda1,2029,0.20722485314405173
idu_hisp_female,lambda1,2030,0.20722485314405173
idu_hisp_female,lambda2,2009,0.7927751468559483
idu_hisp_female,lambda2,2010,0.7927751468559483
idu_hisp_female,lambda2,2011,0.7927751468559483
idu_hisp_female,lambda2,2012,0.7927751468559483
idu_hisp_female,lambda2,2013,0.7927751468559483
idu_hisp_female,lambda2,2014,0.7927751468559483
idu_hisp_female,lambda2,2015,0.7927751468559483
idu_hisp_female,lambda2,2016,0.7927751468559483
idu_hisp_female,lambda2,2017,0.7927751468559483
idu_hisp_female,lambda2,2018,0.7927751468559483
idu_hisp_female,lambda2,2019,0.7927751468559483
idu_hisp_female,lambda2,2020,0.7927751468559483
idu_hisp_female,lambda2,2021,0.7927751468559483
idu_hisp_female,lambda2,2022,0.7927751468559483
idu_hisp_female,lambda2,2023,0.7927751468559483
idu_hisp_female,lambda2,2024,0.7927751468559483
idu_hisp_female,lambda2,2025,0.7927751468559483
idu_hisp_female,lambda2,2026,0.7927751468559483
idu_hisp_female,lambda2,2027,0.7927751468559483
idu_hisp_female,lambda2,2028,0.7927751468559483
idu_hisp_female,lambda2,2029,0.7927751468559483
idu_hisp_female,lambda2,2030,0.7927751468559483
idu_hisp_female,mu1,2009,33.770172793627616
idu_hisp_female,mu1,2010,33.770172793627616
idu_hisp_female,mu1,2011,33.770172793627616
idu_hisp_female,mu1,2012,33.770172793627616
idu_hisp_female,mu1,2013,33.770172793627616
idu_hisp_female,mu1,2014,33.770172793627616
idu_hisp_female,mu1,2015,33.770172793627616
idu_hisp_female,mu1,2016,33.770172793627616
idu_hisp_female,mu1,2017,33.770172793627616
idu_hisp_female,mu1,2018,33.770172793627616
idu_hisp_female,mu1,2019,33.770172793627616
idu_hisp_female,mu1,2020,33.770172793627616
idu_hisp_female,mu1,2021,33.770172793627616
idu_hisp_female,mu1,2022,33.770172793627616
idu_hisp_female,mu1,2023,33.770172793627616
idu_hisp_female,mu1,2024,33.770172793627616
idu_hisp_female,mu1,2025,33.770172793627616
idu_hisp_female,mu1,2026,33.770172793627616
idu_hisp_female,mu1,2027,33.770172793627616
idu_hisp_female,mu1,2028,33.770172793627616
idu_hisp_female,mu1,2029,33.770172793627616
idu_hisp_female,mu1,2030,33.770172793627616
idu_hisp_female,mu2,2009,51.0354560304778
idu_hisp_female,mu2,2010,51.0354560304778
idu_hisp_female,mu2,2011,51.0354560304778
idu_hisp_female,mu2,2012,51.0354560304778
idu_hisp_female,mu2,2013,51.0354560304778
idu_hisp_female,mu2,2014,51.0354560304778
idu_hisp_female,mu2,2015,51.0354560304778
idu_hisp_female,mu2,2016,51.0354560304778
idu_hisp_female,mu2,2017,51.0354560304778
idu_hisp_female,mu2,2018,51.0354560304778
idu_hisp_female,mu2,2019,51.0354560304778
idu_hisp_female,mu2,2020,51.0354560304778
idu_hisp_female,mu2,2021,51.0354560304778
idu_hisp_female,mu2,2022,51.0354560304778
idu_hisp_female,mu2,2023,51.0354560304778
idu_hisp_female,mu2,2024,51.0354560304778
idu_hisp_female,mu2,2025,51.0354560304778
idu_hisp_female,mu2,2026,51.0354560304778
idu_hisp_female,mu2,2027,51.0354560304778
idu_hisp_female,mu2,2028,51.0354560304778
idu_hisp_female,mu2,2029,51.0354560304778
idu_hisp_female,mu2,2030,51.0354560304778
idu_hisp_female,sigma1,2009,4.031295739144362
idu_hisp_female,sigma1,2010,4.031295739144362
idu_hisp_female,sigma1,2011,4.031295739144362
idu_hisp_female,sigma1,2012,4.031295739144362
idu_hisp_female,sigma1,2013,4.031295739144362
idu_hisp_female,sigma1,2014,4.031295739144362
idu_hisp_female,sigma1,2015,4.031295739144362
idu_hisp_female,sigma1,2016,4.031295739144362
idu_hisp_female,sigma1,2017,4.031295739144362
idu_hisp_female,sigma1,2018,4.031295739144362
idu_hisp_female,sigma1,2019,4.031295739144362
idu_hisp_female,sigma1,2020,4.031295739144362
idu_hisp_female,sigma1,2021,4.031295739144362
idu_hisp_female,sigma1,2022,4.031295739144362
idu_hisp_female,sigma1,2023,4.031295739144362
idu_hisp_female,sigma1,2024,4.031295739144362
idu_hisp_female,sigma1,2025,4.031295739144362
idu_hisp_female,sigma1,2026,4.031295739144362
idu_hisp_female,sigma1,2027,4.031295739144362
idu_hisp_female,sigma1,2028,4.031295739144362
idu_hisp_female,sigma1,2029,4.031295739144362
idu_hisp_female,sigma1,2030,4.031295739144362
idu_hisp_female,sigma2,2009,8.139273192973816
idu_hisp_female,sigma2,2010,8.139273192973816
idu_hisp_female,sigma2,2011,8.139273192973816
idu_hisp_female,sigma2,2012,8.139273192973816
idu_hisp_female,sigma2,2013,8.139273192973816
idu_hisp_female,sigma2,2014,8.139273192973816
idu_hisp_female,sigma2,2015,8.139273192973816
idu_hisp_female,sigma2,2016,8.139273192973816
idu_hisp_female,sigma2,2017,8.139273192973816
idu_hisp_female,sigma2,2018,8.139273192973816
idu_hisp_female,sigma2,2019,8.139273192973816
idu_hisp_female,sigma2,2020,8.139273192973816
idu_hisp_female,sigma2,2021,8.139273192973816
idu_hisp_female,sigma2,2022,8.139273192973816
idu_hisp_female,sigma2,2023,8.139273192973816
idu_hisp_female,sigma2,2024,8.139273192973816
idu_hisp_female,sigma2,2025,8.139273192973816
idu_hisp_female,sigma2,2026,8.139273192973816
idu_hisp_female,sigma2,2027,8.139273192973816
idu_hisp_female,sigma2,2028,8.139273192973816
idu_hisp_female,sigma2,2029,8.139273192973816
idu_hisp_female,sigma2,2030,8.139273192973816
het_white_female,lambda1,2009,0.27290706306813206
het_white_female,lambda1,2010,0.30468208859569756
het_white_female,lambda1,2011,0.33645711412326307
het_white_female,lambda1,2012,0.36823213965082857
het_white_female,lambda1,2013,0.4000071651784012
het_white_female,lambda1,2014,0.4317821907059667
het_white_female,lambda1,2015,0.4635572162335322
het_white_female,lambda1,2016,0.4953322417610977
het_white_female,lambda1,2017,0.5271072672886632
het_white_female,lambda1,2018,0.5588822928162429
het_white_female,lambda1,2019,0.5906573183438084
het_white_female,lambda1,2020,0.6224323438713739
het_white_female,lambda1,2021,0.6542073693989394
het_white_female,lambda1,2022,0.6859823949265049
het_white_female,lambda1,2023,0.7177574204540704
het_white_female,lambda1,2024,0.7495324459816359
het_white_female,lambda1,2025,0.7813074715092156
het_white_female,lambda1,2026,0.8130824970367811
het_white_female,lambda1,2027,0.8448575225643467
het_white_female,lambda1,2028,0.8766325480919122
het_white_female,lambda1,2029,0.9084075736194777
het_white_female,lambda1,2030,0.9401825991470432
het_white_female,lambda2,2009,0.727092936931875
het_white_female,lambda2,2010,0.6953179114043095
het_white_female,lambda2,2011,0.663542885876744
het_white_female,lambda2,2012,0.6317678603491714
het_white_female,lambda2,2013,0.5999928348216059
het_white_female,lambda2,2014,0.5682178092940404
het_white_female,lambda2,2015,0.5364427837664749
het_white_female,lambda2,2016,0.5046677582389094
het_white_female,lambda2,2017,0.4728927327113297
het_white_female,lambda2,2018,0.4411177071837642
het_white_female,lambda2,2019,0.4093426816561987
het_white_female,lambda2,2020,0.3775676561286332
het_white_female,lambda2,2021,0.3457926306010677
het_white_female,lambda2,2022,0.3140176050735022
het_white_female,lambda2,2023,0.2822425795459367
het_white_female,lambda2,2024,0.25046755401835696
het_white_female,lambda2,2025,0.21869252849079146
het_white_female,lambda2,2026,0.18691750296322596
het_white_female,lambda2,2027,0.15514247743566045
het_white_female,lambda2,2028,0.12336745190809495
het_white_female,lambda2,2029,0.09159242638052945
het_white_female,lambda2,2030,0.05981740085296394
het_white_female,mu1,2009,25.777320595637775
het_white_female,mu1,2010,26.986318922277405
het_white_female,mu1,2011,28.195317248917036
het_white_female,mu1,2012,29.40431557555621
het_white_female,mu1,2013,30.61331390219584
het_white_female,mu1,2014,31.82231222883547
het_white_female,mu1,2015,33.03131055547465
het_white_female,mu1,2016,34.24030888211428
het_white_female,mu1,2017,35.44930720875391
het_white_female,mu1,2018,36.65830553539308
het_white_female,mu1,2019,37.86730386203271
het_white_female,mu1,2020,39.076302188672344
het_white_female,mu1,2021,40.28530051531152
het_white_female,mu1,2022,41.49429884195115
het_white_female,mu1,2023,42.70329716859078
het_white_female,mu1,2024,43.912295495229955
het_white_female,mu1,2025,45.121293821869585
het_white_female,mu1,2026,46.330292148509216
het_white_female,mu1,2027,47.53929047514839
het_white_female,mu1,2028,48.74828880178802
het_white_female,mu1,2029,49.95728712842765
het_white_female,mu1,2030,51.16628545506683
het_white_female,mu2,2009,44.15945282279017
het_white_female,mu2,2010,45.185597132176554
het_white_female,mu2,2011,46.21174144156339
het_white_female,mu2,2012,47.23788575094977
het_white_female,mu2,2013,48.26403006033661
het_white_female,mu2,2014,49.29017436972299
het_white_female,mu2,2015,50.31631867910983
het_white_female,mu2,2016,51.34246298849621
het_white_female,mu2,2017,52.368607297883045
het_white_female,mu2,2018,53.39475160726943
het_white_female,mu2,2019,54.420895916656264
het_white_female,mu2,2020,55.447040226042645
het_white_female,mu2,2021,56.47318453542948
het_white_female,mu2,2022,57.499328844815864
het_white_female,mu2,2023,58.5254731542027
het_white_female,mu2,2024,59.55161746358908
het_white_female,mu2,2025,60.57776177297592
het_white_female,mu2,2026,61.6039060823623
het_white_female,mu2,2027,62.63005039174914
het_white_female,mu2,2028,63.65619470113552
het_white_female,mu2,2029,64.68233901052236
het_white_female,mu2,2030,65.70848331990874
het_white_female,sigma1,2009,3.726153840873394
het_white_female,sigma1,2010,4.12913641794762
het_white_female,sigma1,2011,4.532118995021733
het_white_female,sigma1,2012,4.9351015720959595
het_white_female,sigma1,2013,5.338084149170072
het_white_female,sigma1,2014,5.7410667262442985
het_white_female,sigma1,2015,6.144049303318525
het_white_female,sigma1,2016,6.5470318803926375
het_white_female,sigma1,2017,6.950014457466864
het_white_female,sigma1,2018,7.3529970345409765
het_white_female,sigma1,2019,7.755979611615203
het_white_female,sigma1,2020,8.158962188689316
het_white_female,sigma1,2021,8.561944765763542
het_white_female,sigma1,2022,8.964927342837655
het_white_female,sigma1,2023,9.367909919911881
het_white_female,sigma1,2024,9.770892496986107
het_white_female,sigma1,2025,10.17387507406022
het_white_female,sigma1,2026,10.576857651134446
het_white_female,sigma1,2027,10.979840228208559
het_white_female,sigma1,2028,11.382822805282785
het_white_female,sigma1,2029,11.785805382356898
het_white_female,sigma1,2030,12.188787959431124
het_white_female,sigma2,2009,8.86169870869169
het_white_female,sigma2,2010,8.881086393991076
het_white_female,sigma2,2011,8.900474079290461
het_white_female,sigma2,2012,8.91986176458984
het_white_female,sigma2,2013,8.939249449889225
het_white_female,sigma2,2014,8.95863713518861
het_white_female,sigma2,2015,8.978024820487995
het_white_female,sigma2,2016,8.997412505787374
het_white_female,sigma2,2017,9.016800191086759
het_white_female,sigma2,2018,9.036187876386144
het_white_female,sigma2,2019,9.05557556168553
het_white_female,sigma2,2020,9.074963246984908
het_white_female,sigma2,2021,9.094350932284293
het_white_female,sigma2,2022,9.113738617583678
het_white_female,sigma2,2023,9.133126302883063
het_white_female,sigma2,2024,9.152513988182449
het_white_female,sigma2,2025,9.171901673481827
het_white_female,sigma2,2026,9.191289358781212
het_white_female,sigma2,2027,9.210677044080597
het_white_female,sigma2,2028,9.230064729379983
het_white_female,sigma2,2029,9.24945241467936
het_white_female,sigma2,2030,9.268840099978746
